"Edad","Total","Hombres","Mujeres","porc_total_grupo","porc_total_hombres","porc_total_mujeres","tipo_muni_2"
"0 años",322549,165066,157483,0.680696996210223,0.348349957297764,0.332347038912458,"nacional"
"1 año",358635,184358,174277,0.756851725585425,0.389063171261806,0.367788554323619,"nacional"
"2 años",375755,192706,183049,0.792981220871781,0.406680520949335,0.386300699922446,"nacional"
"3 años",403954,207975,195979,0.852491480076219,0.438903725594626,0.413587754481593,"nacional"
"4 años",426796,219278,207518,0.900696499429663,0.46275721188094,0.437939287548723,"nacional"
"5 años",438463,225105,213358,0.925318159564354,0.475054324558136,0.450263835006218,"nacional"
"6 años",446016,229827,216189,0.941257766918201,0.485019480909899,0.456238286008302,"nacional"
"7 años",441990,226994,214996,0.932761426496304,0.479040809172384,0.45372061732392,"nacional"
"8 años",468286,241025,227261,0.988255655938479,0.508651378586103,0.479604277352376,"nacional"
"9 años",481023,247622,233401,1.01513540952857,0.522573474404099,0.492561935124469,"nacional"
"10 años",492427,253127,239300,1.03920204295413,0.534191048676961,0.505010994277168,"nacional"
"11 años",501019,258406,242613,1.0573343223642,0.545331679846159,0.512002642518039,"nacional"
"12 años",524132,269870,254262,1.10611125136849,0.56952493533464,0.536586316033854,"nacional"
"13 años",505208,259774,245434,1.06617465272369,0.548218662880723,0.517955989842969,"nacional"
"14 años",503354,258644,244710,1.06226203097948,0.545833947362407,0.516428083617074,"nacional"
"15 años",493766,252967,240799,1.04202782532495,0.533853389842509,0.50817443548244,"nacional"
"16 años",490320,252458,237862,1.03475549817794,0.532779212675409,0.501976285502531,"nacional"
"17 años",484141,248888,235253,1.02171553606495,0.5252451999317,0.49647033613325,"nacional"
"18 años",472978,244855,228123,0.998157501258782,0.516734086935796,0.481423414322985,"nacional"
"19 años",476713,246333,230380,1.00603972467552,0.519853210419046,0.486186514256473,"nacional"
"20 años",483323,250219,233104,1.01998925527381,0.528054099360797,0.491935155913017,"nacional"
"21 años",476270,244541,231729,1.00510483177763,0.516071431473184,0.489033400304446,"nacional"
"22 años",466963,240376,226587,0.985463639451104,0.507281749938857,0.478181889512247,"nacional"
"23 años",478424,244271,234153,1.00965056383644,0.515501632190047,0.494148931646393,"nacional"
"24 años",477468,242842,234626,1.00763305230059,0.512485916724848,0.495147135575741,"nacional"
"25 años",483972,246257,237715,1.02135888392106,0.519692822472681,0.501666061448379,"nacional"
"26 años",494211,251070,243141,1.04296693895827,0.529850022286538,0.51311691667173,"nacional"
"27 años",513259,260396,252863,1.08316522319977,0.549531311599655,0.533633911600115,"nacional"
"28 años",529069,267593,261476,1.11653013677905,0.564719628046846,0.551810508732206,"nacional"
"29 años",528225,267573,260652,1.11474898642732,0.56467742069254,0.550071565734778,"nacional"
"30 años",537072,270724,266348,1.13341940960479,0.571327189363527,0.562092220241267,"nacional"
"31 años",546807,274834,271973,1.15396383931348,0.580000800673511,0.573963038639968,"nacional"
"32 años",557792,279711,278081,1.17714622866632,0.590293064021149,0.58685316464517,"nacional"
"33 años",565278,283061,282217,1.19294444138324,0.597362795867486,0.595581645515752,"nacional"
"34 años",579365,288940,290425,1.22267319138902,0.609769647665879,0.612903543723136,"nacional"
"35 años",598850,298902,299948,1.26379370632211,0.630793130845943,0.633000575476172,"nacional"
"36 años",621907,310662,311245,1.31245245473435,0.65561105517816,0.656841399556194,"nacional"
"37 años",642657,321367,321290,1.35624258482734,0.678202541570709,0.678040043256629,"nacional"
"38 años",679037,340348,338689,1.43301776231085,0.718259431175285,0.714758331135561,"nacional"
"39 años",708087,356110,351977,1.49432394444102,0.75152304710423,0.742800897336794,"nacional"
"40 años",742304,374035,368269,1.56653439655629,0.789351388401423,0.777183008154862,"nacional"
"41 años",762713,384232,378481,1.60960489125834,0.810870807994588,0.798734083263756,"nacional"
"42 años",795506,402128,393378,1.67881017974698,0.848637948628036,0.830172231118946,"nacional"
"43 años",804793,408481,396312,1.6984091647192,0.862045114723493,0.836364049995709,"nacional"
"44 años",818391,414169,404222,1.72710594491219,0.874048886288259,0.853057058623926,"nacional"
"45 años",811385,411571,399814,1.71232070869862,0.868566150963846,0.843754557734775,"nacional"
"46 años",805159,407252,397907,1.69918155930301,0.859451472801359,0.839730086501651,"nacional"
"47 años",783953,396837,387116,1.65442910153184,0.837471993046254,0.816957108485584,"nacional"
"48 años",779548,393574,385974,1.64513293174583,0.83058586319115,0.814547068554683,"nacional"
"49 años",765800,385906,379894,1.61611959639555,0.814403563550041,0.80171603284551,"nacional"
"50 años",754611,379387,375224,1.59250669202878,0.80064607641384,0.791860615614944,"nacional"
"51 años",744844,372948,371896,1.57189473055321,0.787057418694865,0.784837311858344,"nacional"
"52 años",737811,368186,369625,1.55705251441133,0.77700784763449,0.780044666776842,"nacional"
"53 años",740743,368213,372530,1.56324011255266,0.777064827562804,0.78617528498986,"nacional"
"54 años",721266,358309,362957,1.52213648056129,0.756163745710229,0.765972734851058,"nacional"
"55 años",714012,352772,361240,1.50682787315432,0.744478639670477,0.762349233483845,"nacional"
"56 años",721469,355618,365851,1.5225648852075,0.750484746188291,0.772080139019207,"nacional"
"57 años",684645,337034,347611,1.44485270445839,0.711265672566699,0.733587031891687,"nacional"
"58 años",659969,323397,336572,1.39277727071504,0.682486588032818,0.710290682682219,"nacional"
"59 años",642560,313940,328620,1.35603787915895,0.662528840548994,0.693509038609958,"nacional"
"60 años",642731,313216,329515,1.35639875203827,0.661000934323099,0.695397817715174,"nacional"
"61 años",622842,302926,319916,1.31442564854818,0.639285250532409,0.675140398015773,"nacional"
"62 años",606065,293835,312230,1.27902000938818,0.620099897632393,0.658920111755789,"nacional"
"63 años",588988,284134,304854,1.24298125991358,0.59962722042603,0.643354039487555,"nacional"
"64 años",546610,262733,283877,1.15354809687356,0.554463240950369,0.599084855923191,"nacional"
"65 años",528212,253051,275161,1.11472155164702,0.534030660730596,0.580690890916422,"nacional"
"66 años",501188,238463,262725,1.05769097450809,0.503244616499442,0.554446358008646,"nacional"
"67 años",499305,237836,261469,1.05371715210013,0.501921415941933,0.551795736158198,"nacional"
"68 años",493115,234665,258450,1.04065397594227,0.495229439916639,0.545424536025634,"nacional"
"69 años",459052,216572,242480,0.968768520455172,0.457046556843271,0.5117219636119,"nacional"
"70 años",443863,208146,235717,0.936714145227107,0.439264598473947,0.49744954675316,"nacional"
"71 años",456527,212031,244496,0.963439841973977,0.447463377047983,0.515976464925995,"nacional"
"72 años",471768,217917,253851,0.995603956323239,0.459885001420383,0.535718954902856,"nacional"
"73 años",426059,195470,230589,0.899141158423468,0.412513577314493,0.486627581108976,"nacional"
"74 años",401776,182249,219527,0.847895099192242,0.384612405750186,0.463282693442056,"nacional"
"75 años",412897,185685,227212,0.871364498554366,0.391863629220042,0.479500869334325,"nacional"
"76 años",385647,172241,213406,0.813856978311772,0.363491845655218,0.450365132656554,"nacional"
"77 años",372681,164742,207939,0.786493950514874,0.347666198157999,0.438827752356874,"nacional"
"78 años",313751,137658,176093,0.662129981050797,0.290508998956149,0.371620982094648,"nacional"
"79 años",282170,122184,159986,0.595482458233132,0.257853168929217,0.337629289303916,"nacional"
"80 años",335935,142522,193413,0.708946378447557,0.300773827523488,0.40817255092407,"nacional"
"81 años",214227,87950,126277,0.452097744550835,0.185606840562795,0.26649090398804,"nacional"
"82 años",234046,95015,139031,0.493923122300853,0.200516588471563,0.293406533829289,"nacional"
"83 años",250823,99963,150860,0.529328761460853,0.210958687926989,0.318370073533864,"nacional"
"84 años",259222,99973,159249,0.547053739901864,0.210979791604143,0.336073948297721,"nacional"
"85 años",236367,90172,146195,0.498821285768121,0.190296077626247,0.308525208141875,"nacional"
"86 años",217757,80832,136925,0.459547342585931,0.170585243165115,0.288962099420816,"nacional"
"87 años",202864,73337,129527,0.428117636201602,0.154768037138758,0.273349599062845,"nacional"
"88 años",181838,63957,117881,0.383745044619188,0.134972787969013,0.248772256650175,"nacional"
"89 años",152273,52278,99995,0.321352023115617,0.110325803421738,0.21102621969388,"nacional"
"90 años",132669,43017,89652,0.279980374424395,0.0907816880101168,0.189198686414278,"nacional"
"91 años",106936,33541,73395,0.225674282005948,0.0707838435397012,0.154890438466246,"nacional"
"92 años",87647,26407,61240,0.184967399145052,0.0557284802585758,0.129238918886476,"nacional"
"93 años",66585,19112,47473,0.140518834324886,0.0403333477752831,0.100185486549603,"nacional"
"94 años",52909,14443,38466,0.111657445450107,0.0304800409124327,0.0811774045376747,"nacional"
"95 años",39000,10076,28924,0.082304340897658,0.0212640650996103,0.0610402757980477,"nacional"
"96 años",29095,7251,21844,0.0614011486773682,0.0153022763038184,0.0460988723735498,"nacional"
"97 años",20612,5001,15611,0.0434988993482699,0.0105539489443381,0.0329449504039318,"nacional"
"98 años",14568,3229,11339,0.0307438368768483,0.00681437735278302,0.0239294595240652,"nacional"
"99 años",9424,2075,7349,0.0198881053492187,0.00437901300929847,0.0155090923399202,"nacional"
"100 y más años",18020,3984,14036,0.0380288262301486,0.00840770497785306,0.0296211212522956,"nacional"
"0 años",74808,38297,36511,0.666955590411452,0.341439394797179,0.325516195614273,"entre100000y500000_urbano4"
"1 año",83559,42543,41016,0.744975700181672,0.379294884008053,0.36568081617362,"entre100000y500000_urbano4"
"2 años",88279,45263,43016,0.787057167227203,0.403545220949545,0.383511946277658,"entre100000y500000_urbano4"
"3 años",94975,48889,46086,0.846755790815524,0.435873059828167,0.410882730987357,"entre100000y500000_urbano4"
"4 años",100279,51541,48738,0.894043947851434,0.459517138346122,0.434526809505312,"entre100000y500000_urbano4"
"5 años",102971,52781,50190,0.918044648971469,0.470572439010626,0.447472209960844,"entre100000y500000_urbano4"
"6 años",105095,54335,50760,0.936981309141958,0.484427227101463,0.452554082040495,"entre100000y500000_urbano4"
"7 años",104028,53450,50578,0.927468401231453,0.476536952030426,0.450931449201027,"entre100000y500000_urbano4"
"8 años",110243,56744,53499,0.982878638029753,0.505904823311778,0.476973814717975,"entre100000y500000_urbano4"
"9 años",112886,58058,54828,1.00644247646224,0.517619875790131,0.488822600672109,"entre100000y500000_urbano4"
"10 años",116011,59705,56306,1.0343036172498,0.532303811430806,0.501999805818993,"entre100000y500000_urbano4"
"11 años",117975,60673,57302,1.05181378701197,0.540934078401161,0.510879708610804,"entre100000y500000_urbano4"
"12 años",123174,63325,59849,1.09816580971741,0.564578156919116,0.533587652798297,"entre100000y500000_urbano4"
"13 años",118905,61035,57870,1.06010526251034,0.544161512949992,0.515943749560351,"entre100000y500000_urbano4"
"14 años",118737,60841,57896,1.0586074475816,0.5424318933299,0.516175554251704,"entre100000y500000_urbano4"
"15 años",116134,59230,56904,1.0354002317512,0.528068918031097,0.507331313720101,"entre100000y500000_urbano4"
"16 años",116238,59723,56515,1.03632745051661,0.532464291601743,0.503863158914865,"entre100000y500000_urbano4"
"17 años",114494,58653,55841,1.02077870506589,0.522924636996082,0.497854068069804,"entre100000y500000_urbano4"
"18 años",112902,58339,54563,1.00658512550307,0.520125149569748,0.486459975933324,"entre100000y500000_urbano4"
"19 años",113743,59094,54649,1.01408311571182,0.526856401184023,0.487226714527797,"entre100000y500000_urbano4"
"20 años",115067,59619,55448,1.02588732384069,0.531537072836333,0.494350251004361,"entre100000y500000_urbano4"
"21 años",112938,57947,54991,1.00690608584494,0.516630248069357,0.490275837775588,"entre100000y500000_urbano4"
"22 años",111053,57239,53814,0.990100245721888,0.510318028012527,0.479782217709361,"entre100000y500000_urbano4"
"23 años",112840,57336,55504,1.00603236046985,0.511182837822573,0.494849522647274,"entre100000y500000_urbano4"
"24 años",112980,57023,55957,1.00728053957713,0.508392265961291,0.498888273615838,"entre100000y500000_urbano4"
"25 años",114381,58212,56169,1.01977124621501,0.518992872808142,0.500778373406866,"entre100000y500000_urbano4"
"26 años",115824,58661,57163,1.03263640658507,0.522995961516498,0.509640445068574,"entre100000y500000_urbano4"
"27 años",120348,60563,59785,1.07297042288041,0.539953366245439,0.533017056634968,"entre100000y500000_urbano4"
"28 años",123196,61898,61298,1.09836195214856,0.551855645589885,0.546506306558673,"entre100000y500000_urbano4"
"29 años",123328,62246,61082,1.09953880673542,0.554958262227987,0.544580544507437,"entre100000y500000_urbano4"
"30 años",124217,61965,62252,1.10746474406667,0.55245298844837,0.555011755618299,"entre100000y500000_urbano4"
"31 años",127222,63224,63998,1.13425601704799,0.563677684848862,0.570578332199125,"entre100000y500000_urbano4"
"32 años",130571,64911,65660,1.1641142444072,0.578718243091618,0.585396001315581,"entre100000y500000_urbano4"
"33 años",132681,65446,67235,1.18292608666696,0.583488070394449,0.599438016272511,"entre100000y500000_urbano4"
"34 años",136011,67160,68851,1.21261491829018,0.59876934889361,0.613845569396574,"entre100000y500000_urbano4"
"35 años",140995,69684,71311,1.25705009450945,0.621272235084906,0.635777859424541,"entre100000y500000_urbano4"
"36 años",146695,72357,74338,1.30786881530596,0.645103540468953,0.662765274837003,"entre100000y500000_urbano4"
"37 años",151798,74740,77058,1.35336494376641,0.666349331987915,0.687015611778496,"entre100000y500000_urbano4"
"38 años",160758,79302,81456,1.4332484066325,0.707022139755227,0.726226266877276,"entre100000y500000_urbano4"
"39 años",167639,83387,84252,1.49459640975545,0.743442222992725,0.751154186762722,"entre100000y500000_urbano4"
"40 años",175821,86938,88883,1.56754356301107,0.775101394492445,0.792442168518623,"entre100000y500000_urbano4"
"41 años",181044,90112,90932,1.61410955927776,0.803399397967554,0.81071016131021,"entre100000y500000_urbano4"
"42 años",189370,94467,94903,1.68834055390088,0.842226683769098,0.846113870131778,"entre100000y500000_urbano4"
"43 años",191753,95981,95772,1.70958634541984,0.855724849257855,0.853861496161983,"entre100000y500000_urbano4"
"44 años",194993,97246,97747,1.73847277618838,0.867003039048659,0.871469737139721,"entre100000y500000_urbano4"
"45 años",193542,96526,97016,1.7255362912979,0.860583832211205,0.864952459086695,"entre100000y500000_urbano4"
"46 años",191521,95249,96272,1.70751793432777,0.849198655639777,0.858319278687993,"entre100000y500000_urbano4"
"47 años",185494,92343,93151,1.65378382375925,0.823290023598609,0.830493800160641,"entre100000y500000_urbano4"
"48 años",185256,92008,93248,1.65166191927687,0.820303309306183,0.831358609970687,"entre100000y500000_urbano4"
"49 años",181173,89310,91863,1.61525966716947,0.796249114795835,0.81901055237364,"entre100000y500000_urbano4"
"50 años",177915,87532,90383,1.58621275623,0.780397240133345,0.805815516096652,"entre100000y500000_urbano4"
"51 años",174726,85678,89048,1.55778101927911,0.763867782526901,0.793913236752206,"entre100000y500000_urbano4"
"52 años",172082,84160,87922,1.53420826528157,0.750333954777936,0.783874310503632,"entre100000y500000_urbano4"
"53 años",172789,84104,88685,1.54051156977335,0.749834683135023,0.790676886638323,"entre100000y500000_urbano4"
"54 años",167387,80837,86550,1.49234968736234,0.720707532110076,0.771642155252262,"entre100000y500000_urbano4"
"55 años",166185,79338,86847,1.48163317816981,0.707343100097099,0.774290078072712,"entre100000y500000_urbano4"
"56 años",167027,79618,87409,1.48914008394361,0.709839458311665,0.779300625631946,"entre100000y500000_urbano4"
"57 años",159037,75777,83260,1.41790471917798,0.675594772946859,0.742309946231119,"entre100000y500000_urbano4"
"58 años",153698,72868,80830,1.37030451736525,0.649659394210535,0.720645123154712,"entre100000y500000_urbano4"
"59 años",149142,70114,79028,1.32968520298825,0.625105928057274,0.704579274930973,"entre100000y500000_urbano4"
"60 años",149933,69940,79993,1.33673741494439,0.623554619738223,0.713182795206172,"entre100000y500000_urbano4"
"61 años",146158,68057,78101,1.30308115687302,0.606766610745271,0.696314546127752,"entre100000y500000_urbano4"
"62 años",143336,66376,76960,1.27792143229622,0.591779545892827,0.686141886403398,"entre100000y500000_urbano4"
"63 años",141357,65330,76027,1.26027752905828,0.582453864848414,0.677823664209864,"entre100000y500000_urbano4"
"64 años",132230,60539,71691,1.1789051668285,0.53973939268419,0.639165774144309,"entre100000y500000_urbano4"
"65 años",128702,58437,70265,1.14745105332498,0.520998874944846,0.626452178380129,"entre100000y500000_urbano4"
"66 años",123000,55688,67312,1.09661450139836,0.496489986616845,0.600124514781517,"entre100000y500000_urbano4"
"67 años",123195,55615,67580,1.09835303658351,0.495839150368048,0.602513886215458,"entre100000y500000_urbano4"
"68 años",121619,55309,66310,1.08430210606152,0.49311098746213,0.591191118599393,"entre100000y500000_urbano4"
"69 años",114782,51774,63008,1.02334638780087,0.461594465003242,0.561751922797626,"entre100000y500000_urbano4"
"70 años",110875,49926,60949,0.988513275142629,0.445118500787111,0.543394774355518,"entre100000y500000_urbano4"
"71 años",114743,51238,63505,1.02299868076384,0.45681572213536,0.566182958628479,"entre100000y500000_urbano4"
"72 años",118282,52678,65604,1.05455086548294,0.469654135810268,0.584896729672668,"entre100000y500000_urbano4"
"73 años",106297,46810,59487,0.947697818334485,0.417337600085019,0.530360218249466,"entre100000y500000_urbano4"
"74 años",100749,44207,56542,0.898234263425883,0.394130384254613,0.50410387917127,"entre100000y500000_urbano4"
"75 años",103635,45171,58464,0.92396458416601,0.402724988964759,0.521239595201251,"entre100000y500000_urbano4"
"76 años",95284,41301,53983,0.849510700416598,0.368221752213445,0.481288948203153,"entre100000y500000_urbano4"
"77 años",90652,39004,51648,0.808213803095645,0.347742699288957,0.460471103806688,"entre100000y500000_urbano4"
"78 años",75759,32741,43018,0.675434292775923,0.291904515368161,0.383529777407762,"entre100000y500000_urbano4"
"79 años",67617,28589,39028,0.602843762122382,0.254887089272177,0.347956672850205,"entre100000y500000_urbano4"
"80 años",78040,32598,45442,0.695770696659579,0.290629589565722,0.405141107093857,"entre100000y500000_urbano4"
"81 años",51582,20612,30970,0.459882676513254,0.18376762685222,0.276115049661035,"entre100000y500000_urbano4"
"82 años",55617,22089,33528,0.495856981498152,0.196935916434052,0.2989210650641,"entre100000y500000_urbano4"
"83 años",57243,22277,34966,0.510353690272735,0.198612042663832,0.311741647608903,"entre100000y500000_urbano4"
"84 años",59152,22086,37066,0.52737350395704,0.196909169738896,0.330464334218144,"entre100000y500000_urbano4"
"85 años",53364,19891,33473,0.475770213435953,0.177339504449714,0.298430708986239,"entre100000y500000_urbano4"
"86 años",49064,17739,31325,0.43743328371227,0.158153208457769,0.279280075254501,"entre100000y500000_urbano4"
"87 años",45218,15707,29511,0.403144020522204,0.140036780272066,0.263107240250139,"entre100000y500000_urbano4"
"88 años",40946,13691,27255,0.365056726619978,0.122063001127195,0.242993725492783,"entre100000y500000_urbano4"
"89 años",33528,10932,22596,0.2989210650641,0.0974649571486739,0.201456107915426,"entre100000y500000_urbano4"
"90 años",29145,8985,20160,0.2598441434411,0.0801063519923925,0.179737791448707,"entre100000y500000_urbano4"
"91 años",23535,6946,16589,0.209827823499272,0.0619275148513254,0.147900308647947,"entre100000y500000_urbano4"
"92 años",19560,5537,14023,0.174388452417496,0.0493654836930303,0.125022968724465,"entre100000y500000_urbano4"
"93 años",14719,3865,10854,0.131228202000671,0.0344586589260542,0.0967695430746164,"entre100000y500000_urbano4"
"94 años",11863,3072,8791,0.105765348212104,0.027388615839803,0.0783767323723008,"entre100000y500000_urbano4"
"95 años",8853,2149,6704,0.078929497405526,0.0191595492967893,0.0597699481087367,"entre100000y500000_urbano4"
"96 años",6625,1495,5130,0.0590656184696272,0.0133287697527687,0.0457368487168585,"entre100000y500000_urbano4"
"97 años",4598,1021,3577,0.0409937681091843,0.0091027919181116,0.0318909761910727,"entre100000y500000_urbano4"
"98 años",3352,666,2686,0.0298849740543684,0.00593776632464479,0.0239472077297236,"entre100000y500000_urbano4"
"99 años",2141,463,1678,0.0190882247763731,0.00412790661908489,0.0149603181572882,"entre100000y500000_urbano4"
"100 y más años",4056,871,3185,0.0361615318509899,0.00776545716030872,0.0283960746906812,"entre100000y500000_urbano4"
"0 años",33998,17450,16548,0.69467743616254,0.356553952027658,0.338123484134882,"entre10000y20000_urbano1"
"1 año",37626,19546,18080,0.768807965558319,0.399381292053444,0.369426673504874,"entre10000y20000_urbano1"
"2 años",40266,20775,19491,0.822750798415225,0.424493315379633,0.398257483035592,"entre10000y20000_urbano1"
"3 años",43093,22176,20917,0.880514581932829,0.453119795998014,0.427394785934815,"entre10000y20000_urbano1"
"4 años",46114,23539,22575,0.942242346349766,0.480969826749515,0.461272519600251,"entre10000y20000_urbano1"
"5 años",47566,24494,23072,0.971910904421065,0.500483237877676,0.471427666543388,"entre10000y20000_urbano1"
"6 años",48106,24900,23206,0.98294466568725,0.508778991718549,0.474165673968701,"entre10000y20000_urbano1"
"7 años",48292,24882,23410,0.986745183456714,0.508411199676343,0.478333983780371,"entre10000y20000_urbano1"
"8 años",51549,26595,24954,1.0532951102048,0.543412742359631,0.509882367845168,"entre10000y20000_urbano1"
"9 años",52935,27219,25716,1.08161509745467,0.556162866489445,0.525452230965229,"entre10000y20000_urbano1"
"10 años",54176,27720,26456,1.10697231547567,0.566399744997517,0.54057257047815,"entre10000y20000_urbano1"
"11 años",55453,28926,26527,1.13306511758107,0.591041811825331,0.542023305755741,"entre10000y20000_urbano1"
"12 años",58259,30021,28238,1.19039981038277,0.613415827726207,0.576983982656562,"entre10000y20000_urbano1"
"13 años",56164,28898,27266,1.14759290324822,0.590469690870788,0.557123212377428,"entre10000y20000_urbano1"
"14 años",55886,28866,27020,1.14191255948525,0.589815838351311,0.552096721133944,"entre10000y20000_urbano1"
"15 años",54398,27920,26478,1.11150841732954,0.570486323244253,0.541022094085291,"entre10000y20000_urbano1"
"16 años",53769,27662,26107,1.09865612874356,0.565214637305964,0.533441491437597,"entre10000y20000_urbano1"
"17 años",52576,27168,25408,1.07427968950178,0.555120789036528,0.519158900465257,"entre10000y20000_urbano1"
"18 años",51174,26706,24468,1.04563277599217,0.545680793286569,0.499951982705601,"entre10000y20000_urbano1"
"19 años",50659,26091,24568,1.03510983700683,0.533114565177858,0.501995271828969,"entre10000y20000_urbano1"
"20 años",50946,26348,24598,1.04097407679089,0.538365818224913,0.502608258565979,"entre10000y20000_urbano1"
"21 años",50070,25873,24197,1.02307486407019,0.528660194888917,0.494414669181275,"entre10000y20000_urbano1"
"22 años",48805,25245,23560,0.99722725665959,0.515828339194168,0.481398917465422,"entre10000y20000_urbano1"
"23 años",49012,25210,23802,1.00145686514496,0.515113188000989,0.486343677143972,"entre10000y20000_urbano1"
"24 años",48507,25047,23460,0.991138255071954,0.5117826267299,0.479355628342055,"entre10000y20000_urbano1"
"25 años",48383,24972,23411,0.988604576558979,0.510250159887374,0.478354416671605,"entre10000y20000_urbano1"
"26 años",49168,25353,23815,1.00464439617741,0.518035091447405,0.48660930473001,"entre10000y20000_urbano1"
"27 años",50850,26189,24661,1.03901251923246,0.535116988518758,0.5038955307137,"entre10000y20000_urbano1"
"28 años",52089,26539,25550,1.06432887147098,0.542268500450545,0.522060371020439,"entre10000y20000_urbano1"
"29 años",51851,26534,25317,1.05946584335737,0.542166335994377,0.517299507362992,"entre10000y20000_urbano1"
"30 años",53020,26966,26054,1.08335189320954,0.550993345007325,0.532358548202212,"entre10000y20000_urbano1"
"31 años",54150,27509,26641,1.10644106030359,0.562088404947212,0.54435265535638,"entre10000y20000_urbano1"
"32 años",55424,27865,27559,1.1324725637353,0.5693625142264,0.563110049508895,"entre10000y20000_urbano1"
"33 años",56644,28549,28095,1.15740069104038,0.583338611830235,0.574062079210146,"entre10000y20000_urbano1"
"34 años",58326,29347,28979,1.19176881409543,0.599644059034709,0.592124755060716,"entre10000y20000_urbano1"
"35 años",60362,30209,30153,1.23337018064719,0.617257211278139,0.616112969369053,"entre10000y20000_urbano1"
"36 años",63278,31779,31499,1.29295249148459,0.649336850515011,0.643615640969582,"entre10000y20000_urbano1"
"37 años",66046,33319,32727,1.34951073441941,0.680803503014873,0.668707231404536,"entre10000y20000_urbano1"
"38 años",69455,35083,34372,1.41916646063501,0.716847123151079,0.702319337483935,"entre10000y20000_urbano1"
"39 años",73834,37268,36566,1.50864209134728,0.761492990496662,0.747149100850621,"entre10000y20000_urbano1"
"40 años",77874,39476,38398,1.59119097193134,0.80660881434062,0.784582157590717,"entre10000y20000_urbano1"
"41 años",81072,41114,39958,1.65653535809664,0.840077890181383,0.816457467915253,"entre10000y20000_urbano1"
"42 años",84480,42985,41495,1.72617065142101,0.878307829679592,0.847862821741414,"entre10000y20000_urbano1"
"43 años",85295,43509,41786,1.74282345777645,0.889014664686038,0.853808793090413,"entre10000y20000_urbano1"
"44 años",86701,44237,42464,1.771552102851,0.903889809504155,0.867662293346846,"entre10000y20000_urbano1"
"45 años",85970,43975,41995,1.75661565935918,0.898536392000932,0.858079267358252,"entre10000y20000_urbano1"
"46 años",85634,43702,41932,1.74975020790467,0.892958212694138,0.85679199521053,"entre10000y20000_urbano1"
"47 años",82801,42394,40407,1.69186382703966,0.866231990960489,0.825631836079173,"entre10000y20000_urbano1"
"48 años",82431,41949,40482,1.6843036572832,0.857139354361503,0.827164302921699,"entre10000y20000_urbano1"
"49 años",80894,41437,39457,1.65289830345704,0.84667771404986,0.806220589407181,"entre10000y20000_urbano1"
"50 años",79801,40638,39163,1.63056515333863,0.830351833954153,0.80021331938448,"entre10000y20000_urbano1"
"51 años",78579,39768,38811,1.60559616025108,0.812575218580854,0.793020941670225,"entre10000y20000_urbano1"
"52 años",77911,39321,38590,1.59194698890698,0.803441716199401,0.788505272707583,"entre10000y20000_urbano1"
"53 años",77693,39185,38508,1.58749261861804,0.80066284299162,0.786829775626421,"entre10000y20000_urbano1"
"54 años",75542,38119,37423,1.5435414695744,0.778881380936521,0.764660088637882,"entre10000y20000_urbano1"
"55 años",74473,37719,36754,1.5216987088456,0.770708224443051,0.750990484402552,"entre10000y20000_urbano1"
"56 años",75107,37529,37578,1.53465316188775,0.766825975108652,0.767827186779102,"entre10000y20000_urbano1"
"57 años",70422,35212,35210,1.43892506645798,0.719482966120223,0.719442100337756,"entre10000y20000_urbano1"
"58 años",67866,33560,34306,1.3866985964647,0.685727829802189,0.700970766662512,"entre10000y20000_urbano1"
"59 años",66519,33219,33300,1.35917549197294,0.678760213891505,0.680415278081433,"entre10000y20000_urbano1"
"60 años",66531,33352,33179,1.35942068666774,0.681477788425584,0.677942898242158,"entre10000y20000_urbano1"
"61 años",64025,31561,32464,1.30821586123615,0.64488248022607,0.66333338101008,"entre10000y20000_urbano1"
"62 años",62099,30737,31362,1.26886211272009,0.62804577784952,0.640816334870568,"entre10000y20000_urbano1"
"63 años",59139,29177,29962,1.2083807546684,0.596170467524984,0.612210287143421,"entre10000y20000_urbano1"
"64 años",54994,27110,27884,1.12368642050481,0.553935681344975,0.56975073915984,"entre10000y20000_urbano1"
"65 años",53606,26532,27074,1.09532556747247,0.542125470211909,0.553200097260562,"entre10000y20000_urbano1"
"66 años",50379,24716,25663,1.0293886274614,0.505019339731553,0.524369287729844,"entre10000y20000_urbano1"
"67 años",50326,24669,25657,1.02830568422601,0.50405899384357,0.524246690382442,"entre10000y20000_urbano1"
"68 años",49257,24166,25091,1.00646292349721,0.49378124955303,0.512681673944181,"entre10000y20000_urbano1"
"69 años",45697,22140,23557,0.933721830705323,0.452384211913602,0.481337618791721,"entre10000y20000_urbano1"
"70 años",43944,21077,22867,0.897902972372688,0.430664048532203,0.467238923840485,"entre10000y20000_urbano1"
"71 años",45304,21677,23627,0.925691704450488,0.442923783272409,0.482767921178079,"entre10000y20000_urbano1"
"72 años",46546,22106,24440,0.951069355362715,0.451689493611657,0.499379861751058,"entre10000y20000_urbano1"
"73 años",41901,19650,22251,0.856158575582286,0.401506312741747,0.45465226284054,"entre10000y20000_urbano1"
"74 años",39498,18568,20930,0.807058337947761,0.379397924426909,0.427660413520853,"entre10000y20000_urbano1"
"75 años",40350,18588,21762,0.824467161278854,0.379806582251582,0.444660579027272,"entre10000y20000_urbano1"
"76 años",37279,16994,20285,0.761717752300233,0.347236553625101,0.414481198675131,"entre10000y20000_urbano1"
"77 años",36289,16541,19748,0.741489189978893,0.337980453896246,0.403508736082647,"entre10000y20000_urbano1"
"78 años",30234,13531,16703,0.617768033558981,0.276477451282879,0.341290582276101,"entre10000y20000_urbano1"
"79 años",26989,12007,14982,0.5514633015057,0.245337725042756,0.306125576462944,"entre10000y20000_urbano1"
"80 años",32426,14087,18339,0.6625569311432,0.287838138808803,0.374718792334397,"entre10000y20000_urbano1"
"81 años",20716,8668,12048,0.423287774796846,0.177112301213509,0.246175473583337,"entre10000y20000_urbano1"
"82 años",22188,9220,12968,0.453364990692818,0.188391257174499,0.264973733518319,"entre10000y20000_urbano1"
"83 años",24128,9892,14236,0.493004799686151,0.20212216008353,0.290882639602621,"entre10000y20000_urbano1"
"84 años",24603,9645,14958,0.502710423022147,0.197075235948812,0.305635187073336,"entre10000y20000_urbano1"
"85 años",22643,8944,13699,0.462661956204141,0.182751779194004,0.279910177010137,"entre10000y20000_urbano1"
"86 años",20866,7874,12992,0.426352708481898,0.16088858557397,0.265464122907927,"entre10000y20000_urbano1"
"87 años",19141,6930,12211,0.391105971103805,0.141599936249379,0.249506034854426,"entre10000y20000_urbano1"
"88 años",17126,6124,11002,0.349933695267947,0.125131025915036,0.224802669352911,"entre10000y20000_urbano1"
"89 años",14155,4950,9205,0.289227575412693,0.1011428116067,0.188084763805994,"entre10000y20000_urbano1"
"90 años",12364,4037,8327,0.252632267213178,0.0824875819103527,0.170144685302826,"entre10000y20000_urbano1"
"91 años",9750,3097,6653,0.199220689528348,0.0632806641506966,0.135940025377651,"entre10000y20000_urbano1"
"92 años",7979,2389,5590,0.163034039153506,0.0488141771572536,0.114219861996253,"entre10000y20000_urbano1"
"93 años",6178,1780,4398,0.126234402041654,0.0363705463959445,0.08986385564571,"entre10000y20000_urbano1"
"94 años",4772,1316,3456,0.0975057569671051,0.0268896848635185,0.0706160721035866,"entre10000y20000_urbano1"
"95 años",3461,882,2579,0.070718236559755,0.0180218100681028,0.0526964264916521,"entre10000y20000_urbano1"
"96 años",2548,638,1910,0.0520630068634082,0.0130361846070857,0.0390268222563224,"entre10000y20000_urbano1"
"97 años",1820,453,1367,0.0371878620452915,0.00925609972885553,0.027931762316436,"entre10000y20000_urbano1"
"98 años",1216,276,940,0.0248463957401508,0.00563947798049476,0.0192069177596561,"entre10000y20000_urbano1"
"99 años",789,171,618,0.0161215511833709,0.00349402440095871,0.0126275267824122,"entre10000y20000_urbano1"
"100 y más años",1470,337,1133,0.0300363501135047,0.00688588434574904,0.0231504657677557,"entre10000y20000_urbano1"
"0 años",55765,28703,27062,0.711493545714337,0.366215354481102,0.345278191233236,"entre20000y50000_urbano2"
"1 año",62818,32187,30631,0.801481243695566,0.410666955185284,0.390814288510282,"entre20000y50000_urbano2"
"2 años",65909,33808,32101,0.840918642598158,0.431348942768947,0.409569699829211,"entre20000y50000_urbano2"
"3 años",71425,36739,34686,0.911296090785377,0.468744936357913,0.442551154427464,"entre20000y50000_urbano2"
"4 años",75962,39133,36829,0.969182690209854,0.499289463363026,0.469893226846827,"entre20000y50000_urbano2"
"5 años",78184,40224,37960,0.99753270650282,0.513209295845306,0.484323410657514,"entre20000y50000_urbano2"
"6 años",79343,40919,38424,1.01232013624339,0.522076650176365,0.490243486067026,"entre20000y50000_urbano2"
"7 años",78883,40623,38260,1.00645109596672,0.518300050346159,0.48815104562056,"entre20000y50000_urbano2"
"8 años",82949,42854,40095,1.05832830849921,0.546764895688016,0.511563412811196,"entre20000y50000_urbano2"
"9 años",86068,44434,41634,1.09812295333169,0.566923773160062,0.531199180171626,"entre20000y50000_urbano2"
"10 años",88956,45879,43077,1.13497031924262,0.585360214898737,0.549610104343881,"entre20000y50000_urbano2"
"11 años",90306,46681,43625,1.15219467657633,0.595592759033282,0.556601917543046,"entre20000y50000_urbano2"
"12 años",94759,48726,46033,1.20900953821115,0.621684470698051,0.587325067513101,"entre20000y50000_urbano2"
"13 años",90766,46609,44157,1.158063716853,0.594674126642151,0.563389590210849,"entre20000y50000_urbano2"
"14 años",90583,46491,44092,1.15572885952554,0.593168590223353,0.562560269302189,"entre20000y50000_urbano2"
"15 años",88899,45830,43069,1.13424306859964,0.58473503452144,0.5495080340782,"entre20000y50000_urbano2"
"16 años",87290,45127,42163,1.1137141864145,0.5757656099247,0.537948576489798,"entre20000y50000_urbano2"
"17 años",86348,44414,41934,1.10169541263053,0.566668597495859,0.535026815134673,"entre20000y50000_urbano2"
"18 años",82953,43127,39826,1.05837934363205,0.550248043504389,0.508131300127664,"entre20000y50000_urbano2"
"19 años",83296,42998,40298,1.06275560627314,0.548602160470279,0.514153445802858,"entre20000y50000_urbano2"
"20 años",83590,43483,40107,1.06650668853692,0.554790170327204,0.511716518209718,"entre20000y50000_urbano2"
"21 años",82315,42156,40159,1.05023923994397,0.537859265007327,0.512379974936646,"entre20000y50000_urbano2"
"22 años",79600,40965,38635,1.0155991435284,0.522663554204032,0.492935589324369,"entre20000y50000_urbano2"
"23 años",80508,41428,39080,1.02718411868322,0.528570870830334,0.498613247852888,"entre20000y50000_urbano2"
"24 años",79878,41288,38590,1.01914608526082,0.526784641180912,0.492361444079912,"entre20000y50000_urbano2"
"25 años",80409,41277,39132,1.02592099914542,0.5266442945656,0.499276704579816,"entre20000y50000_urbano2"
"26 años",81017,41573,39444,1.03367833933719,0.530420894395807,0.503257444941385,"entre20000y50000_urbano2"
"27 años",83081,42792,40289,1.06001246788295,0.545973851128986,0.514038616753967,"entre20000y50000_urbano2"
"28 años",85973,43840,42133,1.09691086892672,0.55934505593323,0.537565812993494,"entre20000y50000_urbano2"
"29 años",85798,43677,42121,1.09467808186495,0.557265374269974,0.537412707594972,"entre20000y50000_urbano2"
"30 años",87761,44465,43296,1.11972357330648,0.567319295439577,0.552404277866905,"entre20000y50000_urbano2"
"31 años",89524,45127,44397,1.14221730810599,0.5757656099247,0.566451698181286,"entre20000y50000_urbano2"
"32 años",92179,46312,45867,1.17609187752895,0.590884768028735,0.585207109500215,"entre20000y50000_urbano2"
"33 años",94004,47186,46818,1.19937665688748,0.602035944554411,0.597340712333074,"entre20000y50000_urbano2"
"34 años",96239,47634,48605,1.22789253736218,0.607751879432561,0.620140657929622,"entre20000y50000_urbano2"
"35 años",100597,50205,50392,1.28349531459204,0.640554711065871,0.64294060352617,"entre20000y50000_urbano2"
"36 años",104458,52126,52332,1.33275697656645,0.665064333612581,0.667692642953873,"entre20000y50000_urbano2"
"37 años",109223,54720,54503,1.39355257856285,0.698160617259725,0.695391961303121,"entre20000y50000_urbano2"
"38 años",116338,58346,57992,1.4843313211031,0.74442396517975,0.739907355923354,"entre20000y50000_urbano2"
"39 años",121921,61319,60602,1.5555636077654,0.782355827663543,0.773207780101861,"entre20000y50000_urbano2"
"40 años",129583,65477,64106,1.65332140472162,0.835406848251371,0.817914556470247,"entre20000y50000_urbano2"
"41 años",132416,66866,65550,1.68946703755599,0.853128798130277,0.836338239425712,"entre20000y50000_urbano2"
"42 años",138821,70547,68274,1.77118704401704,0.90009387912686,0.871093164890176,"entre20000y50000_urbano2"
"43 años",140337,71525,68812,1.79052935936363,0.912571969106393,0.87795739025724,"entre20000y50000_urbano2"
"44 años",142498,72561,69937,1.81810108988078,0.925790068512114,0.892311021368665,"entre20000y50000_urbano2"
"45 años",141132,72123,69009,1.80067259201571,0.920201721466066,0.880470870549641,"entre20000y50000_urbano2"
"46 años",139570,70964,68606,1.78074337264144,0.905414291725495,0.875329080915948,"entre20000y50000_urbano2"
"47 años",135804,69096,66708,1.732693795072,0.881580884688924,0.851112910383072,"entre20000y50000_urbano2"
"48 años",134497,68456,66041,1.71601806541632,0.873415263434425,0.842602801981898,"entre20000y50000_urbano2"
"49 años",131390,66830,64560,1.67637652598237,0.852669481934711,0.823707044047658,"entre20000y50000_urbano2"
"50 años",128754,64939,63815,1.6427443734404,0.828542622884307,0.814201750556092,"entre20000y50000_urbano2"
"51 años",126420,63522,62898,1.61296537342789,0.810463427075516,0.802501946352379,"entre20000y50000_urbano2"
"52 años",124483,62424,62059,1.58825161034982,0.796454283110765,0.791797327239058,"entre20000y50000_urbano2"
"53 años",124766,62119,62647,1.5918623459983,0.792562854231667,0.79929949176663,"entre20000y50000_urbano2"
"54 años",120287,60498,59789,1.53471575600001,0.771880866648005,0.762834889352004,"entre20000y50000_urbano2"
"55 años",117883,58581,59302,1.50404364116279,0.747422279234136,0.756621361928658,"entre20000y50000_urbano2"
"56 años",118507,59031,59476,1.51200512188593,0.753163731678706,0.758841390207226,"entre20000y50000_urbano2"
"57 años",111240,55350,55890,1.41928704429773,0.706198650682123,0.713088393615607,"entre20000y50000_urbano2"
"58 años",106008,52418,53590,1.35253309054219,0.668789898309946,0.683743192232249,"entre20000y50000_urbano2"
"59 años",103225,50848,52377,1.31702539686833,0.648758608670001,0.66826678819833,"entre20000y50000_urbano2"
"60 años",102671,50442,52229,1.3099570309699,0.643578542686678,0.666378488283227,"entre20000y50000_urbano2"
"61 años",99089,48422,50667,1.26425506951113,0.617805800602164,0.646449268908963,"entre20000y50000_urbano2"
"62 años",96771,47400,49371,1.23468021002999,0.604766324161384,0.629913885868601,"entre20000y50000_urbano2"
"63 años",93188,45274,47914,1.188965489788,0.577641151056593,0.611324338731404,"entre20000y50000_urbano2"
"64 años",85928,41774,44154,1.09633672368227,0.532985409821048,0.563351313861219,"entre20000y50000_urbano2"
"65 años",82371,39966,42405,1.05095373180374,0.509917529777086,0.541036202026656,"entre20000y50000_urbano2"
"66 años",78059,37455,40604,0.995937858601551,0.477880225136385,0.518057633465166,"entre20000y50000_urbano2"
"67 años",77885,37837,40048,0.993717830322983,0.482754080322664,0.510963750000319,"entre20000y50000_urbano2"
"68 años",76070,36671,39399,0.970560638796551,0.467877339099623,0.502683299696928,"entre20000y50000_urbano2"
"69 años",70594,33907,36687,0.900693541937738,0.432612062306752,0.468081479630985,"entre20000y50000_urbano2"
"70 años",67462,31992,35470,0.86073303292353,0.408178992459304,0.452554040464226,"entre20000y50000_urbano2"
"71 años",68761,32315,36446,0.877306692313522,0.412300079436184,0.465006612877338,"entre20000y50000_urbano2"
"72 años",71437,33546,37891,0.911449196183899,0.428006141567886,0.483443054616013,"entre20000y50000_urbano2"
"73 años",63726,29807,33919,0.813066218850388,0.380301051145114,0.432765167705274,"entre20000y50000_urbano2"
"74 años",59456,27420,32036,0.758586214543022,0.349845835622472,0.408740378920551,"entre20000y50000_urbano2"
"75 años",60746,27802,32944,0.775045044884124,0.354719690808751,0.420325354075372,"entre20000y50000_urbano2"
"76 años",56383,25850,30533,0.719378473738214,0.329814545982527,0.389563927755687,"entre20000y50000_urbano2"
"77 años",54201,24431,29770,0.691538808773654,0.311709832607316,0.379828976166338,"entre20000y50000_urbano2"
"78 años",45185,20049,25136,0.576505619350889,0.255800844580413,0.320704774770476,"entre20000y50000_urbano2"
"79 años",40036,17560,22476,0.510810644601797,0.224044233170336,0.286766411431461,"entre20000y50000_urbano2"
"80 años",48187,20813,27374,0.614807486547777,0.265548554952972,0.349258931594804,"entre20000y50000_urbano2"
"81 años",30484,12807,17677,0.388938747378389,0.163401736572465,0.225537010805924,"entre20000y50000_urbano2"
"82 años",32998,13528,19470,0.421014328368721,0.172600819266987,0.248413509101733,"entre20000y50000_urbano2"
"83 años",35206,14085,21121,0.449185721696745,0.179707461515044,0.2694782601817,"entre20000y50000_urbano2"
"84 años",34982,13541,21441,0.44632775425767,0.17276668344872,0.27356107080895,"entre20000y50000_urbano2"
"85 años",31633,12028,19605,0.403598589286858,0.153462644451754,0.250135944835104,"entre20000y50000_urbano2"
"86 años",29365,10894,18471,0.374661668966225,0.138994184291437,0.235667484674788,"entre20000y50000_urbano2"
"87 años",26767,9789,16978,0.34151435018624,0.124895728844215,0.216618621342025,"entre20000y50000_urbano2"
"88 años",23752,8254,15498,0.30304661880762,0.105310996616626,0.197735622190994,"entre20000y50000_urbano2"
"89 años",19609,6730,12879,0.250186979967945,0.0858666110043484,0.164320368963596,"entre20000y50000_urbano2"
"90 años",17159,5654,11505,0.218927961103063,0.0721381602702208,0.146789800832842,"entre20000y50000_urbano2"
"91 años",13596,4251,9345,0.173468416525278,0.0542375874263722,0.119230829098906,"entre20000y50000_urbano2"
"92 años",10848,3381,7467,0.13840728026377,0.0431374460335367,0.0952698342302333,"entre20000y50000_urbano2"
"93 años",8091,2354,5737,0.10323131495337,0.0300341756767067,0.0731971392766638,"entre20000y50000_urbano2"
"94 años",6407,1768,4639,0.0817455240274681,0.0225575287155554,0.0591879953119127,"entre20000y50000_urbano2"
"95 años",4688,1230,3458,0.0598131756892103,0.0156933033484916,0.0441198723407187,"entre20000y50000_urbano2"
"96 años",3321,812,2509,0.0423719190409274,0.0103601319666465,0.0320117870742809,"entre20000y50000_urbano2"
"97 años",2395,568,1827,0.0305572857883231,0.00724698886336849,0.0233102969249546,"entre20000y50000_urbano2"
"98 años",1661,374,1287,0.0211923389120688,0.00477178492059826,0.0164205539914705,"entre20000y50000_urbano2"
"99 años",1037,229,808,0.0132308581889316,0.00292176135512568,0.0103090968338059,"entre20000y50000_urbano2"
"100 y más años",2037,482,1555,0.0259896413990873,0.00614973350729509,0.0198399078917923,"entre20000y50000_urbano2"
"0 años",19388,9965,9423,0.646993671889313,0.332540331152105,0.314453340737208,"entre2000y5000_inter1"
"1 año",21467,11145,10322,0.71637162958778,0.371917911760181,0.344453717827599,"entre2000y5000_inter1"
"2 años",22608,11677,10931,0.754447747785929,0.389671193864839,0.364776553921089,"entre2000y5000_inter1"
"3 años",24584,12523,12061,0.820388509888945,0.417902916910969,0.402485592977976,"entre2000y5000_inter1"
"4 años",25632,13249,12383,0.855361140801881,0.442130140234243,0.413231000567638,"entre2000y5000_inter1"
"5 años",26628,13709,12919,0.88859848850158,0.457480722505188,0.431117765996391,"entre2000y5000_inter1"
"6 años",26748,13878,12870,0.892602988224435,0.46312039294821,0.429482595276225,"entre2000y5000_inter1"
"7 años",26402,13593,12809,0.881056680690202,0.453609706106428,0.427446974583774,"entre2000y5000_inter1"
"8 años",28500,14640,13860,0.951068684178122,0.48854896618834,0.462519717989781,"entre2000y5000_inter1"
"9 años",29634,15429,14205,0.988911206559104,0.514878551866114,0.47403265469299,"entre2000y5000_inter1"
"10 años",30239,15806,14433,1.0091005593285,0.527459355162084,0.481641204166415,"entre2000y5000_inter1"
"11 años",30215,15399,14816,1.00829965938393,0.5138774269354,0.494422232448528,"entre2000y5000_inter1"
"12 años",32150,16642,15508,1.07287221741497,0.555357369897975,0.517514847516993,"entre2000y5000_inter1"
"13 años",30924,15974,14950,1.0319595785798,0.533065654774081,0.498893923805716,"entre2000y5000_inter1"
"14 años",30422,15722,14700,1.01520742140585,0.524656205356085,0.490551216049768,"entre2000y5000_inter1"
"15 años",29846,15240,14606,0.995985822736148,0.508571464802617,0.487414357933531,"entre2000y5000_inter1"
"16 años",29724,15425,14299,0.991914581351245,0.514745068542018,0.477169512809227,"entre2000y5000_inter1"
"17 años",29265,15210,14055,0.976597369911324,0.507570339871903,0.469027030039421,"entre2000y5000_inter1"
"18 años",28682,14879,13803,0.957142175424452,0.496524594803027,0.460617580621425,"entre2000y5000_inter1"
"19 años",29247,15228,14019,0.975996694952895,0.508171014830331,0.467825680122564,"entre2000y5000_inter1"
"20 años",29334,15133,14201,0.978899957251965,0.505000785883071,0.473899171368895,"entre2000y5000_inter1"
"21 años",29051,15067,13984,0.969456012072232,0.5027983110355,0.466657701036732,"entre2000y5000_inter1"
"22 años",28333,14773,13560,0.945495755397148,0.492987286714505,0.452508468682643,"entre2000y5000_inter1"
"23 años",28499,14729,13770,0.951035313347098,0.491518970149458,0.45951634319764,"entre2000y5000_inter1"
"24 años",28555,14733,13822,0.95290407988443,0.491652453473553,0.461251626410877,"entre2000y5000_inter1"
"25 años",28716,14712,14004,0.958276783679261,0.490951666022053,0.467325117657207,"entre2000y5000_inter1"
"26 años",29102,15087,14015,0.971157924454445,0.503465727655976,0.467692196798469,"entre2000y5000_inter1"
"27 años",30018,15622,14396,1.00172560567224,0.521319122253706,0.480406483418535,"entre2000y5000_inter1"
"28 años",31125,16182,14943,1.03866711561558,0.54000678762703,0.49866032798855,"entre2000y5000_inter1"
"29 años",31351,16286,15065,1.04620892342696,0.543477354053505,0.502731569373453,"entre2000y5000_inter1"
"30 años",31962,16398,15564,1.0665985011825,0.54721488712817,0.519383614054326,"entre2000y5000_inter1"
"31 años",32539,16834,15705,1.08585347068322,0.561764569454544,0.524088901228681,"entre2000y5000_inter1"
"32 años",33195,17030,16165,1.10774473583483,0.568305252335207,0.539439483499626,"entre2000y5000_inter1"
"33 años",33663,17287,16376,1.12336228475397,0.576881555908322,0.546480728845646,"entre2000y5000_inter1"
"34 años",34996,18010,16986,1.16784560250869,0.601008666738525,0.56683693577016,"entre2000y5000_inter1"
"35 años",35893,18506,17387,1.19777923793703,0.617560598926327,0.580218639010702,"entre2000y5000_inter1"
"36 años",37211,19271,17940,1.24176199322639,0.643089284659529,0.59867270856686,"entre2000y5000_inter1"
"37 años",38786,20178,18608,1.29432105208886,0.67335662839811,0.620964423690754,"entre2000y5000_inter1"
"38 años",40692,21027,19665,1.35792585602021,0.701688463937311,0.656237392082904,"entre2000y5000_inter1"
"39 años",42785,22103,20682,1.42777100535302,0.737595478118913,0.690175527234102,"entre2000y5000_inter1"
"40 años",45033,23419,21614,1.5027886334945,0.781511491746225,0.721277141748278,"entre2000y5000_inter1"
"41 años",46358,23951,22407,1.54700498460103,0.799264773850884,0.747740210750146,"entre2000y5000_inter1"
"42 años",47980,25129,22851,1.60113247252162,0.838575612796913,0.762556859724711,"entre2000y5000_inter1"
"43 años",48582,25572,23010,1.62122171279795,0.853358890940453,0.767862821857494,"entre2000y5000_inter1"
"44 años",49685,26071,23614,1.65802973941719,0.870010935621326,0.788018803795865,"entre2000y5000_inter1"
"45 años",48804,25290,23514,1.62863003728523,0.843948316591744,0.784681720693486,"entre2000y5000_inter1"
"46 años",48539,25524,23015,1.61978676706392,0.851757091051311,0.768029676012613,"entre2000y5000_inter1"
"47 años",47813,25141,22672,1.59555954374065,0.838976062769198,0.756583480971452,"entre2000y5000_inter1"
"48 años",47584,24848,22736,1.5879176234362,0.829198409279227,0.758719214156974,"entre2000y5000_inter1"
"49 años",47602,24991,22611,1.58851829839463,0.833970438115629,0.754547860279,"entre2000y5000_inter1"
"50 años",47322,24858,22464,1.57917446570797,0.829532117589465,0.749642348118502,"entre2000y5000_inter1"
"51 años",47495,24543,22952,1.58494761947508,0.81902030581697,0.765927313658114,"entre2000y5000_inter1"
"52 años",47382,24697,22685,1.58117671556939,0.824159413794634,0.757017301774761,"entre2000y5000_inter1"
"53 años",48161,25117,23044,1.60717259293693,0.838175162824627,0.768997430112303,"entre2000y5000_inter1"
"54 años",46657,24189,22468,1.55698286307714,0.807207031634547,0.749775831442598,"entre2000y5000_inter1"
"55 años",46543,24234,22309,1.55317858834043,0.808708719030617,0.744469869309814,"entre2000y5000_inter1"
"56 años",47589,24645,22944,1.58808447759132,0.822424130581397,0.765660347009923,"entre2000y5000_inter1"
"57 años",45354,23650,21704,1.51350067025314,0.789220153712722,0.724280516540419,"entre2000y5000_inter1"
"58 años",44130,22650,21480,1.47265477308002,0.755849322688928,0.716805450391089,"entre2000y5000_inter1"
"59 años",43311,22418,20893,1.44532406247153,0.748107289891408,0.697216772580122,"entre2000y5000_inter1"
"60 años",43414,22432,20982,1.44876125806698,0.748574481525741,0.70018677654124,"entre2000y5000_inter1"
"61 años",41880,21889,19991,1.39757040327648,0.730454120279821,0.667116282996661,"entre2000y5000_inter1"
"62 años",40511,20966,19545,1.35188573560491,0.699652843244859,0.652232892360049,"entre2000y5000_inter1"
"63 años",38750,20165,18585,1.29311970217201,0.672922807594801,0.620196894577207,"entre2000y5000_inter1"
"64 años",36208,18722,17486,1.20829104970952,0.624768698427466,0.583522351282057,"entre2000y5000_inter1"
"65 años",34369,17735,16634,1.14692209145677,0.591831688206982,0.555090403249785,"entre2000y5000_inter1"
"66 años",33129,17162,15967,1.10554226098726,0.572710202030348,0.532832058956915,"entre2000y5000_inter1"
"67 años",33225,17031,16194,1.10874586076555,0.568338623166231,0.540407237599316,"entre2000y5000_inter1"
"68 años",32453,16380,16073,1.08298357921518,0.546614212169741,0.536369367045437,"entre2000y5000_inter1"
"69 años",29905,15203,14702,0.997954701766552,0.507336744054736,0.490617957711816,"entre2000y5000_inter1"
"70 años",28869,14509,14360,0.963382520825901,0.484177387324223,0.479205133501678,"entre2000y5000_inter1"
"71 años",29756,14823,14933,0.992982447944006,0.494655828265695,0.498326619678312,"entre2000y5000_inter1"
"72 años",31212,15327,15885,1.04157037791465,0.511474727101687,0.530095650812964,"entre2000y5000_inter1"
"73 años",28254,13697,14557,0.942859459746268,0.457080272532903,0.485779187213365,"entre2000y5000_inter1"
"74 años",26569,12761,13808,0.886629609471176,0.425845174694632,0.460784434776544,"entre2000y5000_inter1"
"75 años",27375,12879,14496,0.913526499276354,0.42978293275544,0.483743566520914,"entre2000y5000_inter1"
"76 años",25820,12010,13810,0.861634857034354,0.400783680595763,0.460851176438591,"entre2000y5000_inter1"
"77 años",25693,11925,13768,0.857396761494333,0.39794715995874,0.459449601535592,"entre2000y5000_inter1"
"78 años",22077,9993,12084,0.736727836512294,0.333474714420771,0.403253122091523,"entre2000y5000_inter1"
"79 años",19814,8754,11060,0.661209645905449,0.29212825478229,0.369081391123159,"entre2000y5000_inter1"
"80 años",24093,10447,13646,0.804003431856263,0.348625071705573,0.455378360150689,"entre2000y5000_inter1"
"81 años",14747,6252,8495,0.492119645107886,0.208634435560758,0.283485209547128,"entre2000y5000_inter1"
"82 años",16813,7072,9741,0.561063782003044,0.235998517000269,0.325065265002775,"entre2000y5000_inter1"
"83 años",18732,7821,10911,0.625102406737704,0.260993269437091,0.364109137300613,"entre2000y5000_inter1"
"84 años",20073,8052,12021,0.669852691140612,0.268701931403587,0.401150759737025,"entre2000y5000_inter1"
"85 años",18521,7374,11147,0.618061161391684,0.246076507969455,0.371984653422229,"entre2000y5000_inter1"
"86 años",16859,6531,10328,0.562598840230139,0.217944897416397,0.344653942813742,"entre2000y5000_inter1"
"87 años",16003,6068,9935,0.534033408873771,0.20249420265238,0.331539206221391,"entre2000y5000_inter1"
"88 años",14256,5301,8955,0.475734567075204,0.176898775257131,0.298835791818073,"entre2000y5000_inter1"
"89 años",12140,4415,7725,0.405121888628856,0.147332218970049,0.257789669658807,"entre2000y5000_inter1"
"90 años",10447,3616,6831,0.348625071705573,0.120668924982038,0.227956146723535,"entre2000y5000_inter1"
"91 años",8471,2897,5574,0.282684309602557,0.0966752974759305,0.186009012126626,"entre2000y5000_inter1"
"92 años",6857,2233,4624,0.228823788330154,0.0745170656761314,0.154306722654022,"entre2000y5000_inter1"
"93 años",5277,1656,3621,0.17609787531256,0.0552620961754024,0.120835779137157,"entre2000y5000_inter1"
"94 años",4044,1168,2876,0.134951640660222,0.0389771306357911,0.0959745100244308,"entre2000y5000_inter1"
"95 años",2961,867,2094,0.0988110306614532,0.0289325104976292,0.0698785201638241,"entre2000y5000_inter1"
"96 años",2300,602,1698,0.0767529113547256,0.0200892402763238,0.0566636710784018,"entre2000y5000_inter1"
"97 años",1557,401,1156,0.0519583839040468,0.0133817032405413,0.0385766806635056,"entre2000y5000_inter1"
"98 años",1116,241,875,0.0372418474225538,0.00804237027673429,0.0291994771458195,"entre2000y5000_inter1"
"99 años",681,153,528,0.0227255359272035,0.00510573714664044,0.0176197987805631,"entre2000y5000_inter1"
"100 y más años",1363,322,1041,0.0454844426854309,0.0107454075896616,0.0347390350957693,"entre2000y5000_inter1"
"0 años",43942,22388,21554,0.711186466902607,0.362342237973136,0.34884422892947,"entre50000y100000_urbano3"
"1 año",49720,25678,24042,0.804701450420955,0.415589779644193,0.389111670776762,"entre50000y100000_urbano3"
"2 años",52547,27016,25531,0.850455493066571,0.437244858901298,0.413210634165274,"entre50000y100000_urbano3"
"3 años",57144,29463,27681,0.924856389437954,0.476848729560591,0.448007659877362,"entre50000y100000_urbano3"
"4 años",60329,31097,29232,0.976404541481211,0.503294469101779,0.473110072379432,"entre50000y100000_urbano3"
"5 años",61424,31506,29918,0.994126747599693,0.509913996318637,0.484212751281057,"entre50000y100000_urbano3"
"6 años",63649,32561,31088,1.03013762304592,0.526988815912243,0.503148807133682,"entre50000y100000_urbano3"
"7 años",62689,32065,30624,1.0146003464489,0.51896122300378,0.495639123445119,"entre50000y100000_urbano3"
"8 años",66764,34224,32540,1.08055284867065,0.553903910683965,0.526648937986683,"entre50000y100000_urbano3"
"9 años",68394,35277,33117,1.10693384955935,0.570946360951328,0.53598748860802,"entre50000y100000_urbano3"
"10 años",70009,36119,33890,1.13307208050122,0.584573847299969,0.54849823320125,"entre50000y100000_urbano3"
"11 años",71438,36846,34592,1.15619996410242,0.596340097389592,0.559859866712825,"entre50000y100000_urbano3"
"12 años",74354,38395,35959,1.20339444176588,0.621410140565418,0.581984301200465,"entre50000y100000_urbano3"
"13 años",72049,36828,35221,1.1660887932699,0.596048773453398,0.570040019816502,"entre50000y100000_urbano3"
"14 años",71626,36802,34824,1.15924268076933,0.595627972212228,0.563614708557106,"entre50000y100000_urbano3"
"15 años",69549,35870,33679,1.12562713546514,0.580543866182616,0.545083269282529,"entre50000y100000_urbano3"
"16 años",69216,35721,33495,1.12023764264555,0.578132351377452,0.542105291268099,"entre50000y100000_urbano3"
"17 años",68333,35119,33214,1.10594658510891,0.568389184178067,0.537557400930845,"entre50000y100000_urbano3"
"18 años",65890,33966,31924,1.06640745310211,0.549728267598515,0.516679185503591,"entre50000y100000_urbano3"
"19 años",65619,33764,31855,1.06202140939607,0.546458965647891,0.51556244374818,"entre50000y100000_urbano3"
"20 años",66185,34214,31971,1.07118192872307,0.553742064052747,0.517439864670321,"entre50000y100000_urbano3"
"21 años",64696,33109,31587,1.04708296533456,0.535858011303045,0.511224954031511,"entre50000y100000_urbano3"
"22 años",62801,32281,30520,1.01641302871855,0.52245711023811,0.493955918480441,"entre50000y100000_urbano3"
"23 años",64571,32985,31586,1.04505988244432,0.533851113075929,0.511208769368389,"entre50000y100000_urbano3"
"24 años",63424,32177,31247,1.0264960738435,0.520773905273433,0.505722168570064,"entre50000y100000_urbano3"
"25 años",63161,32023,31138,1.02223950744244,0.51828146715266,0.503958040289777,"entre50000y100000_urbano3"
"26 años",63951,32643,31308,1.03502539130874,0.528315958288239,0.5067094330205,"entre50000y100000_urbano3"
"27 años",66491,33812,32679,1.07613443563837,0.547235829477742,0.528898606160627,"entre50000y100000_urbano3"
"28 años",67999,34163,33836,1.1005409076262,0.552916646233529,0.547624261392668,"entre50000y100000_urbano3"
"29 años",67983,34426,33557,1.10028195301625,0.55717321263459,0.543108740381657,"entre50000y100000_urbano3"
"30 años",69320,34736,34584,1.12192084761023,0.562190458202379,0.55973038940785,"entre50000y100000_urbano3"
"31 años",70639,35251,35388,1.14326841826802,0.570525559710159,0.572742858557859,"entre50000y100000_urbano3"
"32 años",72018,35800,36218,1.16558706871312,0.579410939764083,0.586176128949037,"entre50000y100000_urbano3"
"33 años",73321,36199,37122,1.18667568476096,0.585868620349721,0.600807064411237,"entre50000y100000_urbano3"
"34 años",75980,37334,38646,1.22971070400209,0.60423821299308,0.625472491009015,"entre50000y100000_urbano3"
"35 años",79199,38896,40303,1.2818091345915,0.62951865678949,0.652290477802006,"entre50000y100000_urbano3"
"36 años",82753,40660,42093,1.33932942732674,0.658068402536525,0.68126102479021,"entre50000y100000_urbano3"
"37 años",85812,42182,43630,1.38883831181663,0.68270145980806,0.706136852008573,"entre50000y100000_urbano3"
"38 años",91227,45041,46186,1.47647826262173,0.728973411673577,0.747504850948154,"entre50000y100000_urbano3"
"39 años",94920,47244,47676,1.53624822353091,0.764628224531126,0.771619998999788,"entre50000y100000_urbano3"
"40 años",99558,49623,49935,1.61131269109029,0.80313153809813,0.808181152992164,"entre50000y100000_urbano3"
"41 años",102776,50989,51787,1.66339493701657,0.825239787922648,0.838155149093926,"entre50000y100000_urbano3"
"42 años",107506,53695,53811,1.73994839358317,0.869035486330515,0.870912907252655,"entre50000y100000_urbano3"
"43 años",108662,54396,54266,1.75865786415209,0.880380935178968,0.87827692897312,"entre50000y100000_urbano3"
"44 años",110300,55056,55244,1.78516834234576,0.891062812839423,0.89410552950634,"entre50000y100000_urbano3"
"45 años",109259,54839,54420,1.76832010803586,0.88755074094197,0.880769367093893,"entre50000y100000_urbano3"
"46 años",108004,54002,54002,1.74800835581788,0.874004177908938,0.874004177908938,"entre50000y100000_urbano3"
"47 años",104834,52413,52421,1.69670297372145,0.848286748208236,0.848416225513212,"entre50000y100000_urbano3"
"48 años",104012,51758,52254,1.68339918063525,0.837685793863391,0.845713386771854,"entre50000y100000_urbano3"
"49 años",101929,50767,51162,1.64968652735232,0.821646792709586,0.828039734642737,"entre50000y100000_urbano3"
"50 años",100159,49685,50474,1.62103967362656,0.804134987211688,0.816904686414869,"entre50000y100000_urbano3"
"51 años",98034,48689,49345,1.58664726449252,0.788015062742274,0.798632201750242,"entre50000y100000_urbano3"
"52 años",96474,47446,49028,1.56139919002235,0.76789752648175,0.793501663540599,"entre50000y100000_urbano3"
"53 años",96819,47378,49441,1.56698289879941,0.766796969389461,0.800185929409944,"entre50000y100000_urbano3"
"54 años",93772,46114,47658,1.51766823026697,0.746339555203377,0.771328675063594,"entre50000y100000_urbano3"
"55 años",91743,44937,46806,1.48482954879263,0.727290206708899,0.757539342083733,"entre50000y100000_urbano3"
"56 años",92966,45412,47554,1.50462339179072,0.734977921691802,0.769645470098916,"entre50000y100000_urbano3"
"57 años",88201,42797,45404,1.42750347201486,0.692655027628029,0.734848444386827,"entre50000y100000_urbano3"
"58 años",84252,40632,43620,1.36359023734647,0.657615231969112,0.705975005377354,"entre50000y100000_urbano3"
"59 años",81878,39381,42497,1.32516784709507,0.637368218403613,0.687799628691459,"entre50000y100000_urbano3"
"60 años",81666,39132,42534,1.32173669851323,0.633338237286259,0.688398461226969,"entre50000y100000_urbano3"
"61 años",79658,38242,41416,1.28923789496445,0.618933887107767,0.670304007856683,"entre50000y100000_urbano3"
"62 años",77304,36837,40467,1.25113919797549,0.596194435421495,0.654944762553998,"entre50000y100000_urbano3"
"63 años",75450,35823,39627,1.22113283254749,0.579783187015886,0.641349645531601,"entre50000y100000_urbano3"
"64 años",69592,33049,36543,1.12632307597939,0.534886931515731,0.591436144463656,"entre50000y100000_urbano3"
"65 años",67196,31828,35368,1.08754462313931,0.515125457843889,0.572419165295421,"entre50000y100000_urbano3"
"66 años",63585,29933,33652,1.02910180460612,0.484455521227885,0.544646283378238,"entre50000y100000_urbano3"
"67 años",63030,29737,33293,1.02011931657347,0.481283327255992,0.538835989317475,"entre50000y100000_urbano3"
"68 años",62591,29522,33069,1.01301424946295,0.477803624684783,0.535210624778169,"entre50000y100000_urbano3"
"69 años",57553,27055,30498,0.931475916654811,0.437876060763052,0.49359985589176,"entre50000y100000_urbano3"
"70 años",55349,25930,29419,0.89580491913414,0.419668314750912,0.476136604383228,"entre50000y100000_urbano3"
"71 años",55890,25891,29999,0.904560821883089,0.419037112889158,0.485523708993931,"entre50000y100000_urbano3"
"72 años",57379,26434,30945,0.9286597852716,0.427825384964351,0.50083440030725,"entre50000y100000_urbano3"
"73 años",51449,23758,27691,0.832684732958723,0.384515226450142,0.448169506508581,"entre50000y100000_urbano3"
"74 años",47988,21840,26148,0.776669613893821,0.353473042582334,0.423196571311487,"entre50000y100000_urbano3"
"75 años",48308,21967,26341,0.78184870609283,0.355528494798816,0.426320211294014,"entre50000y100000_urbano3"
"76 años",44835,20003,24832,0.725639371070465,0.323741816427401,0.401897554643064,"entre50000y100000_urbano3"
"77 años",43227,19245,23982,0.699614432770447,0.311473841780999,0.388140590989448,"entre50000y100000_urbano3"
"78 años",35477,15772,19705,0.574183293575708,0.255264506758634,0.318918786817074,"entre50000y100000_urbano3"
"79 años",31099,13553,17546,0.503326838428023,0.219350739291134,0.283976099136888,"entre50000y100000_urbano3"
"80 años",36966,15757,21209,0.59828225696422,0.255021736811806,0.343260520152414,"entre50000y100000_urbano3"
"81 años",23815,9815,14000,0.38543775224809,0.158852468541466,0.226585283706625,"entre50000y100000_urbano3"
"82 años",25797,10491,15306,0.417515754555699,0.169793300811871,0.247722453743828,"entre50000y100000_urbano3"
"83 años",26868,10782,16086,0.434849528759256,0.174503037780345,0.260346490978912,"entre50000y100000_urbano3"
"84 años",26796,10338,16458,0.433684233014479,0.16731704735422,0.266367185660259,"entre50000y100000_urbano3"
"85 años",24681,9387,15294,0.399453670511657,0.151925432725292,0.247528237786365,"entre50000y100000_urbano3"
"86 años",22220,8150,14070,0.359623214568657,0.131905004443499,0.227718210125158,"entre50000y100000_urbano3"
"87 años",20581,7520,13061,0.33309655171186,0.121708666676701,0.211387885035159,"entre50000y100000_urbano3"
"88 años",18235,6304,11931,0.295127332027878,0.102028116320469,0.19309921570741,"entre50000y100000_urbano3"
"89 años",15293,5230,10063,0.247512053123243,0.0846457881275461,0.162866264995697,"entre50000y100000_urbano3"
"90 años",13078,4114,8964,0.211663024308231,0.0665837040835038,0.145079320224727,"entre50000y100000_urbano3"
"91 años",10590,3244,7346,0.17139558246094,0.0525030471674493,0.11889253529349,"entre50000y100000_urbano3"
"92 años",8630,2507,6123,0.139673642742012,0.0405749504466077,0.0990986922954044,"entre50000y100000_urbano3"
"93 años",6583,1828,4755,0.106543637331479,0.0295855641868364,0.0769580731446428,"entre50000y100000_urbano3"
"94 años",5094,1376,3718,0.0824446739429675,0.0222700964557368,0.0601745774872307,"entre50000y100000_urbano3"
"95 años",3760,952,2808,0.0608543333383506,0.0154077992920505,0.0454465340463001,"entre50000y100000_urbano3"
"96 años",2786,691,2095,0.0450904714576183,0.0111836022172341,0.0339068692403842,"entre50000y100000_urbano3"
"97 años",2019,461,1558,0.0326768348431196,0.00746112969919671,0.0252157051439229,"entre50000y100000_urbano3"
"98 años",1373,303,1070,0.0222215424663711,0.00490395292593623,0.0173175895404349,"entre50000y100000_urbano3"
"99 años",945,197,748,0.0152945066501972,0.00318837863501464,0.0121061280151825,"entre50000y100000_urbano3"
"100 y más años",1679,369,1310,0.027174049381673,0.00597214069198175,0.0212019086896913,"entre50000y100000_urbano3"
"0 años",26464,13485,12979,0.678154601516264,0.345560565350923,0.332594036165341,"entre5000y10000_inter2"
"1 año",29878,15340,14538,0.765640235191314,0.393095963847472,0.372544271343842,"entre5000y10000_inter2"
"2 años",31254,15960,15294,0.800900994399536,0.408983805932571,0.391917188466964,"entre5000y10000_inter2"
"3 años",33731,17481,16250,0.864375486084685,0.447960270144567,0.416415215940118,"entre5000y10000_inter2"
"4 años",36228,18536,17692,0.928362488804837,0.474995227240987,0.453367261563851,"entre5000y10000_inter2"
"5 años",36947,19008,17939,0.946787260513203,0.487090487667063,0.45969677284614,"entre5000y10000_inter2"
"6 años",38312,19720,18592,0.981766138652173,0.505335880513177,0.476430258138996,"entre5000y10000_inter2"
"7 años",37875,19444,18431,0.970567772537352,0.498263228230133,0.47230454430722,"entre5000y10000_inter2"
"8 años",40464,20866,19598,1.03691232601852,0.534702762818862,0.502209563199658,"entre5000y10000_inter2"
"9 años",41661,21697,19964,1.06758611146346,0.555997596323246,0.511588515140217,"entre5000y10000_inter2"
"10 años",42589,21731,20858,1.09136662348761,0.556868865082751,0.534497758404861,"entre5000y10000_inter2"
"11 años",43530,22236,21294,1.11548026768451,0.569809768716583,0.545670498967931,"entre5000y10000_inter2"
"12 años",45501,23588,21913,1.16598823018408,0.604455514682801,0.561532715501281,"entre5000y10000_inter2"
"13 años",43695,22648,21047,1.11970848372329,0.580367496037649,0.539340987685641,"entre5000y10000_inter2"
"14 años",43914,22709,21205,1.12532047955658,0.581930654694409,0.543389824862167,"entre5000y10000_inter2"
"15 años",42695,21932,20763,1.09408293197313,0.562019600984534,0.532063330988595,"entre5000y10000_inter2"
"16 años",42078,21637,20441,1.07827196654328,0.554460063218236,0.523811903325043,"entre5000y10000_inter2"
"17 años",41174,21263,19911,1.05510646776113,0.544876106863676,0.510230360897458,"entre5000y10000_inter2"
"18 años",40194,20876,19318,1.02999342704598,0.534959018336364,0.495034408709613,"entre5000y10000_inter2"
"19 años",39853,20582,19271,1.02125511389917,0.527425106121816,0.493830007777355,"entre5000y10000_inter2"
"20 años",40297,20866,19431,1.03263285887624,0.534702762818862,0.497930096057381,"entre5000y10000_inter2"
"21 años",38883,20131,18752,0.996398328701515,0.515867982282494,0.480530346419021,"entre5000y10000_inter2"
"22 años",37898,19600,18298,0.971157160227606,0.502260814303158,0.468896345924448,"entre5000y10000_inter2"
"23 años",38418,19914,18504,0.98448244713769,0.510307237552709,0.474175209584981,"entre5000y10000_inter2"
"24 años",37822,19495,18327,0.969209618294594,0.499570131369391,0.469639486925203,"entre5000y10000_inter2"
"25 años",37719,19529,18190,0.966570186464327,0.500441400128896,0.466128786335431,"entre5000y10000_inter2"
"26 años",38033,19689,18344,0.974616609713878,0.504541488408922,0.470075121304956,"entre5000y10000_inter2"
"27 años",39230,20196,19034,1.00529039515882,0.517533643146254,0.487756752012567,"entre5000y10000_inter2"
"28 años",40401,20854,19547,1.03529791625826,0.53439525619786,0.500902660060399,"entre5000y10000_inter2"
"29 años",40554,20736,19818,1.03921862567603,0.531371441091341,0.507847184584693,"entre5000y10000_inter2"
"30 años",41858,21516,20342,1.07263434515824,0.551359371456467,0.521274973701777,"entre5000y10000_inter2"
"31 años",42323,21384,20939,1.08455022672207,0.547976798625445,0.536573428096624,"entre5000y10000_inter2"
"32 años",44083,22355,21728,1.12965119780235,0.572859209374852,0.556791988427501,"entre5000y10000_inter2"
"33 años",44801,22791,22010,1.14805034395897,0.584031949937922,0.564018394021046,"entre5000y10000_inter2"
"34 años",45960,23159,22801,1.17775035843741,0.593462152981981,0.584288205455424,"entre5000y10000_inter2"
"35 años",48038,24376,23662,1.23100025497424,0.624648449461927,0.606351805512312,"entre5000y10000_inter2"
"36 años",50082,25426,24656,1.28337888275157,0.651555278799597,0.631823603951973,"entre5000y10000_inter2"
"37 años",52178,26180,25998,1.33709003921991,0.670876944819218,0.666213094400689,"entre5000y10000_inter2"
"38 años",55943,28506,27437,1.43357024155926,0.730481978190093,0.703088263369171,"entre5000y10000_inter2"
"39 años",59039,29919,29120,1.51290694977776,0.766690882813071,0.746216066964692,"entre5000y10000_inter2"
"40 años",62028,31852,30176,1.58950172395899,0.816225074346132,0.773276649612862,"entre5000y10000_inter2"
"41 años",64326,32830,31496,1.64838924188086,0.84128686395779,0.807102377923075,"entre5000y10000_inter2"
"42 años",67034,34222,32812,1.7177832360203,0.876957631994014,0.840825604026287,"entre5000y10000_inter2"
"43 años",67948,34845,33103,1.74120499031995,0.892922350734364,0.848282639585584,"entre5000y10000_inter2"
"44 años",68487,35306,33181,1.75501716271328,0.904735730091188,0.850281432622096,"entre5000y10000_inter2"
"45 años",67823,35087,32736,1.73800179635118,0.899123734257903,0.838878062093274,"entre5000y10000_inter2"
"46 años",67885,34897,32988,1.73959058055969,0.894254879425373,0.845335701134315,"entre5000y10000_inter2"
"47 años",66089,33986,32103,1.6935670896164,0.870910001780976,0.822657087835422,"entre5000y10000_inter2"
"48 años",65502,33804,31698,1.67852489073905,0.866246151362447,0.812278739376607,"entre5000y10000_inter2"
"49 años",64259,32951,31308,1.6466723299136,0.844387555719559,0.802284774194044,"entre5000y10000_inter2"
"50 años",63676,32856,30820,1.63173263324326,0.841953128303294,0.789779504939966,"entre5000y10000_inter2"
"51 años",63015,32348,30667,1.6147941435364,0.828935348014212,0.785858795522191,"entre5000y10000_inter2"
"52 años",62439,31955,30484,1.60003382572831,0.818864506176399,0.781169319551912,"entre5000y10000_inter2"
"53 años",62951,32132,30819,1.61315410822439,0.823400228836177,0.789753879388216,"entre5000y10000_inter2"
"54 años",60431,30776,29655,1.54857771781399,0.788651980662959,0.759925737151028,"entre5000y10000_inter2"
"55 años",60031,30738,29293,1.53832749711392,0.787678209696453,0.75064928741747,"entre5000y10000_inter2"
"56 años",60683,30996,29687,1.55503535685503,0.794289602047994,0.760745754807033,"entre5000y10000_inter2"
"57 años",57337,29240,28097,1.46929226069899,0.749291133174711,0.720001127524277,"entre5000y10000_inter2"
"58 años",55367,28228,27139,1.41880992375117,0.723358074803548,0.695451848947623,"entre5000y10000_inter2"
"59 años",54223,27627,26596,1.38949429254899,0.707957118201701,0.681537174347285,"entre5000y10000_inter2"
"60 años",54148,27369,26779,1.38757237616772,0.70134572585016,0.686226650317565,"entre5000y10000_inter2"
"61 años",51907,26420,25487,1.33014551469561,0.677027077239257,0.653118437456356,"entre5000y10000_inter2"
"62 años",50274,25409,24865,1.2882989886876,0.651119644419844,0.637179344267756,"entre5000y10000_inter2"
"63 años",48350,24507,23843,1.23899542712029,0.628005396741199,0.610990030379092,"entre5000y10000_inter2"
"64 años",44628,22586,22042,1.14361712350619,0.578778711829139,0.564838411677051,"entre5000y10000_inter2"
"65 años",43076,21815,21261,1.10384626718994,0.559021411429765,0.544824855760176,"entre5000y10000_inter2"
"66 años",40656,20584,20072,1.04183243195455,0.527476357225316,0.514356074729234,"entre5000y10000_inter2"
"67 años",40375,20485,19890,1.03463165191276,0.52493942760205,0.509692224310705,"entre5000y10000_inter2"
"68 años",39688,20100,19588,1.01702689786039,0.515073590178239,0.501953307682156,"entre5000y10000_inter2"
"69 años",36279,18044,18235,0.929669391944095,0.462387455779907,0.467281936164188,"entre5000y10000_inter2"
"70 años",34788,17182,17606,0.891461694284605,0.440298230171268,0.451163464113337,"entre5000y10000_inter2"
"71 años",35606,17510,18096,0.912423395616237,0.448703411145321,0.463719984470916,"entre5000y10000_inter2"
"72 años",36859,17841,19018,0.944532211959189,0.457185468774625,0.487346743184564,"entre5000y10000_inter2"
"73 años",33024,15987,17037,0.846258220997321,0.409675695829826,0.436582525167495,"entre5000y10000_inter2"
"74 años",31049,14639,16410,0.795647756290753,0.375132452070609,0.420515304220144,"entre5000y10000_inter2"
"75 años",32011,14979,17032,0.820299537074408,0.383845139665663,0.436454397408744,"entre5000y10000_inter2"
"76 años",29871,13732,16139,0.765460856329063,0.351890076633213,0.41357077969585,"entre5000y10000_inter2"
"77 años",29020,13255,15765,0.743653511789676,0.339666688448386,0.40398682334129,"entre5000y10000_inter2"
"78 años",24458,10953,13505,0.626749744705441,0.280676668319515,0.346073076385926,"entre5000y10000_inter2"
"79 años",22301,10044,12257,0.571475429580343,0.257383041778618,0.314092387801725,"entre5000y10000_inter2"
"80 años",26487,11433,15054,0.678743989206518,0.292976933159592,0.385767056046926,"entre5000y10000_inter2"
"81 años",16461,7004,9457,0.421822207359402,0.179481364458128,0.242340842901274,"entre5000y10000_inter2"
"82 años",18240,7580,10660,0.467410063922939,0.194241682266221,0.273168381656718,"entre5000y10000_inter2"
"83 años",20283,8315,11968,0.519763066148518,0.21307646280259,0.306686603345928,"entre5000y10000_inter2"
"84 años",21130,8447,12683,0.541467908480904,0.216459035633611,0.325008872847294,"entre5000y10000_inter2"
"85 años",19375,7462,11913,0.496495065159372,0.191217867159702,0.305277197999669,"entre5000y10000_inter2"
"86 años",17759,6741,11018,0.455084173531111,0.172741844347836,0.282342329183275,"entre5000y10000_inter2"
"87 años",16950,6377,10573,0.434353102165231,0.163414143510777,0.270938958654453,"entre5000y10000_inter2"
"88 años",14882,5434,9448,0.381359461145898,0.139249248210376,0.242110212935522,"entre5000y10000_inter2"
"89 años",12498,4441,8057,0.320268145773514,0.113803075322466,0.206465070451048,"entre5000y10000_inter2"
"90 años",10989,3693,7296,0.281599188182521,0.094635162613345,0.186964025569176,"entre5000y10000_inter2"
"91 años",8752,2848,5904,0.22427482891741,0.0729815713844589,0.151293257532951,"entre5000y10000_inter2"
"92 años",7127,2264,4863,0.182633307323398,0.0580162491623648,0.124617058161034,"entre5000y10000_inter2"
"93 años",5390,1631,3759,0.138121723933368,0.0417952749045128,0.0963264490288556,"entre5000y10000_inter2"
"94 años",4205,1210,2995,0.107755445109428,0.031006917617695,0.0767485274917326,"entre5000y10000_inter2"
"95 años",3143,854,2289,0.0805411091507564,0.0218842211946376,0.0586568879561188,"entre5000y10000_inter2"
"96 años",2292,589,1703,0.0587337646113693,0.0150934499808449,0.0436403146305244,"entre5000y10000_inter2"
"97 años",1641,427,1214,0.0420515304220144,0.0109421105973188,0.0311094198246956,"entre5000y10000_inter2"
"98 años",1155,260,895,0.0295975122714361,0.00666264345504189,0.0229348688163942,"entre5000y10000_inter2"
"99 años",753,178,575,0.0192960404678713,0.00456134821152868,0.0147346922563426,"entre5000y10000_inter2"
"100 y más años",1344,299,1045,0.0344407415522165,0.00766203997329818,0.0267787015789184,"entre5000y10000_inter2"
"0 años",55282,28165,27117,0.720866719590905,0.367266219696788,0.353600499894117,"mas50000_urbano5"
"1 año",58994,30418,28576,0.769270490495022,0.396644909310737,0.372625581184286,"mas50000_urbano5"
"2 años",59603,30420,29183,0.777211734158979,0.396670988928681,0.380540745230299,"mas50000_urbano5"
"3 años",62862,32458,30404,0.819708471598774,0.423246119613646,0.396462351985128,"mas50000_urbano5"
"4 años",65366,33540,31826,0.852360153264699,0.437355192921366,0.415004960343333,"mas50000_urbano5"
"5 años",66806,34177,32629,0.8711374781844,0.445661551236539,0.425475926947861,"mas50000_urbano5"
"6 años",66881,34242,32639,0.872115463857301,0.44650913881972,0.425606325037581,"mas50000_urbano5"
"7 años",66049,33864,32185,0.861266342792585,0.441580091028298,0.419686251764286,"mas50000_urbano5"
"8 años",68705,35199,33506,0.895900075422255,0.458988236005938,0.436911839416317,"mas50000_urbano5"
"9 años",69712,35442,34270,0.909031163057074,0.462156909586137,0.446874253470936,"mas50000_urbano5"
"10 años",70374,35982,34392,0.917663516596547,0.469198406431025,0.448465110165522,"mas50000_urbano5"
"11 años",71729,37107,34622,0.935332457753627,0.483868191524541,0.451464266229085,"mas50000_urbano5"
"12 años",74569,38244,36325,0.972365515234148,0.498694454325722,0.473671060908426,"mas50000_urbano5"
"13 años",71887,37048,34839,0.937392747571205,0.483098842795193,0.454293904776013,"mas50000_urbano5"
"14 años",71460,36562,34898,0.931824749140155,0.476761495634794,0.455063253505361,"mas50000_urbano5"
"15 años",71187,36098,35089,0.928264881290795,0.470711024271779,0.457553857019016,"mas50000_urbano5"
"16 años",71346,36494,34852,0.930338210917345,0.475874788624697,0.454463422292649,"mas50000_urbano5"
"17 años",71068,36327,34741,0.926713144023125,0.47369714052637,0.453016003496755,"mas50000_urbano5"
"18 años",70479,36039,34440,0.919032696538609,0.46994167554243,0.449091020996179,"mas50000_urbano5"
"19 años",72798,37375,35423,0.94927201354471,0.487362860329041,0.461909153215669,"mas50000_urbano5"
"20 años",75619,38842,36777,0.986057314654763,0.506492260090987,0.479565054563777,"mas50000_urbano5"
"21 años",75977,38631,37346,0.990725566266744,0.503740860397891,0.486984705868853,"mas50000_urbano5"
"22 años",76104,38426,37678,0.99238162200619,0.501067699558629,0.491313922447562,"mas50000_urbano5"
"23 años",81102,40274,40828,1.05755458724832,0.525165266538911,0.532389320709407,"mas50000_urbano5"
"24 años",83491,41100,42391,1.08870669088246,0.535936148749795,0.552770542132666,"mas50000_urbano5"
"25 años",87734,43064,44670,1.14403460035072,0.561546333570832,0.582488266779887,"mas50000_urbano5"
"26 años",93351,45455,47896,1.21727920734652,0.592724516822918,0.624554690523606,"mas50000_urbano5"
"27 años",98602,48170,50432,1.28575124425857,0.628127598181938,0.657623646076634,"mas50000_urbano5"
"28 años",102605,50324,52281,1.33794959957355,0.656215346707657,0.681734252865889,"mas50000_urbano5"
"29 años",101666,49927,51739,1.32570521894882,0.651038542545767,0.674666676403057,"mas50000_urbano5"
"30 años",102554,50440,52114,1.33728456931597,0.657727964548411,0.679556604767563,"mas50000_urbano5"
"31 años",103658,51002,52656,1.35168051842108,0.665056337190683,0.686624181230395,"mas50000_urbano5"
"32 años",102832,50534,52298,1.34090963621019,0.65895370659178,0.681955929618413,"mas50000_urbano5"
"33 años",102763,50825,51938,1.34000988939112,0.662748291002636,0.677261598388488,"mas50000_urbano5"
"34 años",103599,50929,52670,1.35091116969173,0.664104431135726,0.686806738556003,"mas50000_urbano5"
"35 años",105461,51830,53631,1.37519129399762,0.675853299019511,0.699337994978109,"mas50000_urbano5"
"36 años",107799,52918,54881,1.40567836737419,0.690040611181062,0.715637756193127,"mas50000_urbano5"
"37 años",108537,53626,54911,1.41530174639554,0.699272795933249,0.716028950462287,"mas50000_urbano5"
"38 años",112831,55674,57157,1.47129468612137,0.725978324707934,0.745316361413432,"mas50000_urbano5"
"39 años",114673,56690,57983,1.49531401424782,0.739226770623501,0.756087243624316,"mas50000_urbano5"
"40 años",117314,57966,59348,1.52975214974291,0.755865566871792,0.773886582871116,"mas50000_urbano5"
"41 años",119094,58881,60213,1.55296300971309,0.767796992081185,0.785166017631908,"mas50000_urbano5"
"42 años",122991,60749,62242,1.60377914527703,0.792155355240908,0.811623790036125,"mas50000_urbano5"
"43 años",124443,61746,62697,1.6227129479044,0.805156044786006,0.817556903118392,"mas50000_urbano5"
"44 años",126377,62030,64347,1.64793193845627,0.808859350534058,0.839072587922216,"mas50000_urbano5"
"45 años",125497,62150,63347,1.6364569065609,0.8104241276107,0.826032778950202,"mas50000_urbano5"
"46 años",124774,61311,63463,1.62702912467414,0.79948372788318,0.827545396790955,"mas50000_urbano5"
"47 años",121577,59691,61886,1.5853408553906,0.778359237348517,0.806981618042088,"mas50000_urbano5"
"48 años",120483,58787,61696,1.57107530437522,0.766571250037815,0.804504054337406,"mas50000_urbano5"
"49 años",118168,57434,60734,1.54088814660501,0.74892838849868,0.791959758106328,"mas50000_urbano5"
"50 años",116085,56511,59574,1.5137262245163,0.73689264481751,0.776833579698791,"mas50000_urbano5"
"51 años",114328,55140,59188,1.49081528015247,0.719015066716879,0.771800213435593,"mas50000_urbano5"
"52 años",114104,54665,59439,1.48789436294274,0.712821157455172,0.775073205487569,"mas50000_urbano5"
"53 años",113732,54033,59699,1.48304355400515,0.704579998184859,0.778463555820293,"mas50000_urbano5"
"54 años",113246,53843,59403,1.47670620684475,0.702102434480176,0.774603772364576,"mas50000_urbano5"
"55 años",112894,53060,59834,1.4721161940866,0.691892264055089,0.780223930031515,"mas50000_urbano5"
"56 años",113679,53463,60216,1.48235244412963,0.69714730707081,0.785205137058824,"mas50000_urbano5"
"57 años",108084,50293,57791,1.40939471293121,0.655811112629524,0.753583600301689,"mas50000_urbano5"
"58 años",104556,48696,55860,1.36339026687795,0.634986537701217,0.728403729176729,"mas50000_urbano5"
"59 años",99886,45982,53904,1.30249435897864,0.59959649615117,0.702897862827469,"mas50000_urbano5"
"60 años",100096,46228,53868,1.30523271886276,0.602804289158286,0.702428429704476,"mas50000_urbano5"
"61 años",97204,44448,52756,1.2675215913157,0.5795934291881,0.687928162127596,"mas50000_urbano5"
"62 años",94388,43076,51312,1.2308014892505,0.561702811278496,0.669098677972007,"mas50000_urbano5"
"63 años",92611,41713,50898,1.20762974870723,0.54392955164964,0.663700197057593,"mas50000_urbano5"
"64 años",85709,38456,47253,1.11762898718239,0.501458893827789,0.6161700933546,"mas50000_urbano5"
"65 años",83169,36961,46208,1.08450787239347,0.481964379414627,0.602543492978845,"mas50000_urbano5"
"66 años",77889,34040,43849,1.01565768102124,0.443875097407373,0.571782583613863,"mas50000_urbano5"
"67 años",76758,33431,43327,1.00090965707389,0.435933853743416,0.564975803330471,"mas50000_urbano5"
"68 años",76916,33685,43231,1.00296994689147,0.439245965222308,0.563723981669158,"mas50000_urbano5"
"69 años",72114,31232,40882,0.940352784207853,0.407259313813956,0.533093470393896,"mas50000_urbano5"
"70 años",70919,30655,40264,0.924770212486295,0.399735344037104,0.525034868449191,"mas50000_urbano5"
"71 años",74036,31647,42389,0.965415297052064,0.412670834537342,0.552744462514722,"mas50000_urbano5"
"72 años",76204,32469,43735,0.993685602903392,0.423389557512338,0.570296045391053,"mas50000_urbano5"
"73 años",70428,29951,40477,0.918367666281036,0.390555318520806,0.52781234776023,"mas50000_urbano5"
"74 años",66988,27939,39049,0.873510723417306,0.364319222869113,0.509191500548194,"mas50000_urbano5"
"75 años",69457,29012,40445,0.90570601176921,0.378310937896084,0.527395073873126,"mas50000_urbano5"
"76 años",66433,27489,38944,0.866273629437838,0.358451308831706,0.507822320606132,"mas50000_urbano5"
"77 años",64068,26164,37904,0.835434481219024,0.341173561943787,0.494260919275237,"mas50000_urbano5"
"78 años",54601,22300,32301,0.711986609680963,0.290787740075923,0.42119886960504,"mas50000_urbano5"
"79 años",50074,20369,29705,0.652955394464653,0.265607868950963,0.38734752551369,"mas50000_urbano5"
"80 años",60879,24257,36622,0.79385053040727,0.316306646234155,0.477543884173114,"mas50000_urbano5"
"81 años",38206,14625,23581,0.498198941584785,0.190707206215712,0.307491735369074,"mas50000_urbano5"
"82 años",41941,15985,25956,0.546902628095259,0.208441346417652,0.338461281677608,"mas50000_urbano5"
"83 años",44732,16530,28202,0.583296734936152,0.215548042307399,0.367748692628752,"mas50000_urbano5"
"84 años",45923,16516,29407,0.598827147421821,0.215365484981791,0.38346166244003,"mas50000_urbano5"
"85 años",42073,15012,27061,0.548623882879565,0.195753612287881,0.352870270591684,"mas50000_urbano5"
"86 años",38851,13532,25319,0.506609618371735,0.1764546950093,0.330154923362435,"mas50000_urbano5"
"87 años",36442,12281,24161,0.475196718558152,0.16014189398531,0.315054824572842,"mas50000_urbano5"
"88 años",32780,10863,21917,0.427444938102635,0.141651444862993,0.285793493239641,"mas50000_urbano5"
"89 años",28000,8894,19106,0.365114651216406,0.115976060997097,0.249138590219309,"mas50000_urbano5"
"90 años",24374,7229,17145,0.317832303883881,0.0942647790586927,0.223567524825188,"mas50000_urbano5"
"91 años",20021,5874,14147,0.261070015428702,0.0765958379016131,0.184474177527089,"mas50000_urbano5"
"92 años",16429,4569,11860,0.214231021601226,0.0595788871931342,0.154652134408092,"mas50000_urbano5"
"93 años",12788,3375,9413,0.166753077134121,0.0440093552805489,0.122743721853572,"mas50000_urbano5"
"94 años",10088,2456,7632,0.131545592909682,0.0320257708352676,0.0995198220744146,"mas50000_urbano5"
"95 años",7526,1750,5776,0.098137602323381,0.0228196657010253,0.0753179366223557,"mas50000_urbano5"
"96 años",5692,1291,4401,0.0742225926687064,0.0168343933828707,0.0573881992858357,"mas50000_urbano5"
"97 años",3989,906,3083,0.0520157979893658,0.0118140669286451,0.0402017310607207,"mas50000_urbano5"
"98 años",2859,572,2287,0.0372808138509894,0.00745877073199228,0.0298220431189971,"mas50000_urbano5"
"99 años",1877,386,1491,0.0244757214404712,0.00503336626319759,0.0194423551772736,"mas50000_urbano5"
"100 y más años",3865,751,3114,0.050398861676836,0.00979289653798288,0.0406059651388531,"mas50000_urbano5"
"0 años",12902,6613,6289,0.479545713878987,0.245794125397748,0.233751588481239,"menos2000_rural"
"1 año",14573,7501,7072,0.541653982976164,0.278799596946697,0.262854386029468,"menos2000_rural"
"2 años",15289,7787,7502,0.568266502828695,0.289429737558182,0.278836765270513,"menos2000_rural"
"3 años",16140,8246,7894,0.599896746396438,0.306489998189903,0.293406748206535,"menos2000_rural"
"4 años",16886,8643,8243,0.627624315963461,0.321245822745007,0.306378493218454,"menos2000_rural"
"5 años",17937,9206,8731,0.66668822429448,0.342171589053631,0.324516635240849,"menos2000_rural"
"6 años",17882,9272,8610,0.664643966484579,0.344624698425513,0.320019268059066,"menos2000_rural"
"7 años",17772,9073,8699,0.660555450864777,0.337228201986052,0.323327248878725,"menos2000_rural"
"8 años",19112,9903,9209,0.710361004778731,0.368077910753651,0.34228309402508,"menos2000_rural"
"9 años",19733,10066,9667,0.733442533868706,0.374136347535722,0.359306186332984,"menos2000_rural"
"10 años",20073,10185,9888,0.746079763966276,0.378559378069871,0.367520385896405,"menos2000_rural"
"11 años",20373,10538,9835,0.757230261111192,0.391679796377055,0.365550464734137,"menos2000_rural"
"12 años",21366,10929,10437,0.794138406660861,0.406212610989261,0.3879257956716,"menos2000_rural"
"13 años",20818,10734,10084,0.773770165209483,0.398964787845066,0.374805377364416,"menos2000_rural"
"14 años",20726,10651,10075,0.770350679418375,0.395879816968306,0.374470862450069,"menos2000_rural"
"15 años",21058,10847,10211,0.782690562925415,0.403164808436318,0.379525754489097,"menos2000_rural"
"16 años",20659,10669,9990,0.767860401722678,0.396548846797001,0.371311554925676,"menos2000_rural"
"17 años",20883,10734,10149,0.776186106257548,0.398964787845066,0.377221318412481,"menos2000_rural"
"18 años",20704,10923,9781,0.769532976294415,0.405989601046363,0.363543375248052,"menos2000_rural"
"19 años",21498,11201,10297,0.799044625404624,0.416322395067317,0.382722230337306,"menos2000_rural"
"20 años",22285,11714,10571,0.828296096248118,0.435389745185122,0.392906351062995,"menos2000_rural"
"21 años",22340,11627,10713,0.830340354058019,0.432156101013097,0.398184253044922,"menos2000_rural"
"22 años",22369,11847,10522,0.831418235448694,0.440333132252701,0.391085103195993,"menos2000_rural"
"23 años",23474,12395,11079,0.872489233265798,0.46070137370408,0.411787859561719,"menos2000_rural"
"24 años",22811,11979,10832,0.847846634575536,0.445239350996464,0.402607283579072,"menos2000_rural"
"25 años",23469,12468,11001,0.872303391646717,0.463414661342676,0.408888730304041,"menos2000_rural"
"26 años",23765,12609,11156,0.883305215496366,0.468655395000786,0.41464982049558,"menos2000_rural"
"27 años",24639,13052,11587,0.915790330511886,0.485120962451444,0.430669368060442,"menos2000_rural"
"28 años",25681,13793,11888,0.954519723928558,0.512662690399385,0.441857033529173,"menos2000_rural"
"29 años",25694,13741,11953,0.955002912138171,0.510729937560933,0.444272974577238,"menos2000_rural"
"30 años",26380,14238,12142,0.980500382276211,0.529202594497676,0.451297787778535,"menos2000_rural"
"31 años",26752,14503,12249,0.994326998735905,0.539052200309017,0.455274798426888,"menos2000_rural"
"32 años",27490,14904,12586,1.0217572217124,0.553956698159387,0.467800523553009,"menos2000_rural"
"33 años",27401,14778,12623,1.01844924089274,0.549273489358523,0.469175751534215,"menos2000_rural"
"34 años",28254,15367,12887,1.05015382110811,0.571165632086373,0.478988189021741,"menos2000_rural"
"35 años",28305,15196,13109,1.05204940562275,0.564809848713771,0.487239556908978,"menos2000_rural"
"36 años",29631,16125,13506,1.10133460300327,0.599339221539192,0.501995381464083,"menos2000_rural"
"37 años",30277,16422,13855,1.12534534018866,0.610378213712658,0.514967126476001,"menos2000_rural"
"38 años",31793,17369,14424,1.1816925190943,0.645576616366774,0.536115902727523,"menos2000_rural"
"39 años",33276,18180,15096,1.23681314331399,0.675720126981861,0.561093016332133,"menos2000_rural"
"40 años",35093,19284,15809,1.30434798768836,0.716753956475149,0.587594031213215,"menos2000_rural"
"41 años",35627,19489,16138,1.32419587260631,0.724373462857508,0.599822409748805,"menos2000_rural"
"42 años",37324,20334,16990,1.38727051812272,0.755780696482353,0.631489821640364,"menos2000_rural"
"43 años",37773,20907,16866,1.40395909551627,0.777078146029141,0.626880949487133,"menos2000_rural"
"44 años",39350,21662,17688,1.46257354217471,0.805140230510511,0.657433311664201,"menos2000_rural"
"45 años",39358,21581,17777,1.46287088876524,0.802129596281383,0.660741292483859,"menos2000_rural"
"46 años",39232,21603,17629,1.45818767996438,0.802947299405344,0.655240380559034,"menos2000_rural"
"47 años",39541,21773,17768,1.46967269202364,0.809265914454129,0.660406777569511,"menos2000_rural"
"48 años",39783,21964,17819,1.47866742638721,0.816365064303059,0.662302362084147,"menos2000_rural"
"49 años",40385,22186,18199,1.50104275732467,0.824616432190296,0.676426325134373,"menos2000_rural"
"50 años",40899,22368,18531,1.52014727576629,0.831381067124878,0.688766208641412,"menos2000_rural"
"51 años",42247,23260,18987,1.57025017627078,0.864535211969092,0.705714964301683,"menos2000_rural"
"52 años",42936,23518,19418,1.59585915138026,0.874124639513719,0.721734511866545,"menos2000_rural"
"53 años",43832,24145,19687,1.62916196951974,0.897429178546592,0.731732790973152,"menos2000_rural"
"54 años",43944,23933,20011,1.63332482178718,0.889549493897519,0.743775327889661,"menos2000_rural"
"55 años",44260,24165,20095,1.64507001211316,0.89817254502292,0.746897467090237,"menos2000_rural"
"56 años",45911,24924,20987,1.70643491473401,0.926383302799555,0.780051611934451,"menos2000_rural"
"57 años",44970,24715,20255,1.67145952202279,0.918615123121931,0.752844398900858,"menos2000_rural"
"58 años",44092,24345,19747,1.638825733712,0.904862843309869,0.733962890402135,"menos2000_rural"
"59 años",44376,24351,20025,1.64938153767586,0.905085853252767,0.74429568442309,"menos2000_rural"
"60 años",44272,24321,19951,1.64551603199895,0.903970803538276,0.741545228460678,"menos2000_rural"
"61 años",42921,23887,19034,1.59530162652302,0.887839751001965,0.707461875521053,"menos2000_rural"
"62 años",41382,23034,18348,1.5380995761696,0.856135170786589,0.681964405383014,"menos2000_rural"
"63 años",40143,22145,17998,1.4920480229611,0.823092530913824,0.66895549204728,"menos2000_rural"
"64 años",37321,20497,16824,1.38715901315127,0.761839133264423,0.625319879886845,"menos2000_rural"
"65 años",35723,19777,15946,1.32776403169269,0.735077940116627,0.59268609157606,"menos2000_rural"
"66 años",34491,18885,15606,1.2819726567509,0.701923795272412,0.580048861478489,"menos2000_rural"
"67 años",34511,19031,15480,1.28271602322723,0.707350370549604,0.575365652677625,"menos2000_rural"
"68 años",34521,18832,15689,1.28308770646539,0.699953874110144,0.583133832355249,"menos2000_rural"
"69 años",32128,17217,14911,1.19414390757279,0.639927031146684,0.554216876426102,"menos2000_rural"
"70 años",31657,16875,14782,1.17663762705527,0.62721546440148,0.549422162653789,"menos2000_rural"
"71 años",32431,16930,15501,1.20540590968915,0.629259722211381,0.576146187477769,"menos2000_rural"
"72 años",33849,17516,16333,1.25811059286078,0.651040359967783,0.607070232893,"menos2000_rural"
"73 años",30980,15810,15170,1.15147467183158,0.587631199537031,0.563843472294546,"menos2000_rural"
"74 años",29479,14875,14604,1.09568501778318,0.552878816768712,0.542806201014472,"menos2000_rural"
"75 años",31015,15287,15728,1.15277556316515,0.568192166181062,0.584583396984088,"menos2000_rural"
"76 años",29742,14862,14880,1.10546028694689,0.552395628559099,0.553064658387794,"menos2000_rural"
"77 años",29531,14177,15354,1.09761777062164,0.526935326744876,0.57068244387676,"menos2000_rural"
"78 años",25960,12319,13641,0.964889686273329,0.457876581094035,0.507013105179294,"menos2000_rural"
"79 años",24240,11308,12932,0.900960169309149,0.420299405715671,0.480660763593478,"menos2000_rural"
"80 años",28857,13130,15727,1.07256632036939,0.488020091709122,0.584546228660272,"menos2000_rural"
"81 años",18216,8167,10049,0.677058186639251,0.303553700608408,0.373504486030843,"menos2000_rural"
"82 años",20452,9050,11402,0.760166558692686,0.336373330538275,0.423793228154411,"menos2000_rural"
"83 años",23631,10261,13370,0.878324660104971,0.381384170679916,0.496940489425054,"menos2000_rural"
"84 años",26563,11348,15215,0.987302185534609,0.421786138668326,0.565516046866283,"menos2000_rural"
"85 años",24077,10074,14003,0.894901732527078,0.374433694126253,0.520468038400825,"menos2000_rural"
"86 años",22773,9371,13402,0.846434238270513,0.348304362483335,0.498129875787179,"menos2000_rural"
"87 años",21762,8665,13097,0.808857062892149,0.322063525868968,0.486793537023182,"menos2000_rural"
"88 años",19861,7986,11875,0.738200079317203,0.296826233997643,0.44137384531956,"menos2000_rural"
"89 años",17050,6686,10364,0.633719921069348,0.248507413036344,0.385212508033004,"menos2000_rural"
"90 años",15113,5689,9424,0.561724877837012,0.211450594191409,0.350274283645603,"menos2000_rural"
"91 años",12221,4384,7837,0.454234085360029,0.162945931611028,0.291288153749002,"menos2000_rural"
"92 años",10217,3527,6690,0.379748764431996,0.131092678100386,0.248656086331609,"menos2000_rural"
"93 años",7559,2623,4936,0.280955359728047,0.0974925133703753,0.183462846357672,"menos2000_rural"
"94 años",6436,2077,4359,0.239215332082248,0.0771986085666296,0.162016723515618,"menos2000_rural"
"95 años",4608,1392,3216,0.171271636145898,0.0517383067524066,0.119533329393491,"menos2000_rural"
"96 años",3531,1133,2398,0.131241351395652,0.0421117108839631,0.0891296405116889,"menos2000_rural"
"97 años",2593,764,1829,0.0963774636558838,0.0283965993957174,0.0679808642601664,"menos2000_rural"
"98 años",1836,537,1299,0.0682410425268811,0.0199593898893982,0.0482816526374828,"menos2000_rural"
"99 años",1201,298,903,0.0446391569034772,0.0110761604972824,0.0335629964061948,"menos2000_rural"
"100 y más años",2206,553,1653,0.0819933223389432,0.0205540830704604,0.0614392392684828,"menos2000_rural"
